ID	P_VALUE	Q_VALUE	PERIOD	LAG	AMPLITUDE	OFFSET	MEAN_PERIODICITY	SCATTER	TP_0_REP_1	TP_1_REP_1	TP_4_REP_1	TP_7_REP_1	TP_10_REP_1	TP_13_REP_1	TP_16_REP_1	TP_19_REP_1	TP_22_REP_1
sub_1	0.009251397438618835	0.32961862308073303	25.8531	16.047129661205542	0.31767565150500854	11.67602483138123	0.895968	0.0	11.42738484	11.40043537	11.34734627	11.54597559	11.75554013	11.89321161	11.9215899	11.91534717	11.83718341
sub_2	0.00507677067855374	0.32961862308073303	25.42239	14.970566415381974	0.19161979544793556	11.402978727718223	0.9263111	0.0	11.241442585	11.219491315	11.219605945	11.37362436	11.467299075	11.55934967	11.592488085	11.49915975	11.47190462
sub_3	0.0018042878369772873	0.27154531946508176	25.991121	18.61476943563447	0.4005678744607374	7.480899776804894	0.9505827	0.0	7.396945367	7.211065759	7.158120508	7.102441236	7.275118851	7.570002085	7.802918982	7.872567732	7.883773181
sub_4	0.00028302554305526076	0.08519068845963348	24.87973	18.610740625785244	0.14284425987974836	8.91944369225608	0.9715469	0.0	8.943540434	8.871100839	8.823428676	8.773019617	8.838342661	8.954855366	9.015515003	9.092220837	9.006435391
sub_5	0.010241986839312248	0.32961862308073303	26.314032	16.7520328078715	0.35753241657595747	10.040147405191453	0.89050454	0.0	9.796704279	9.728265855	9.684285331	9.887839555	10.04777753	10.1746724	10.38659822	10.35300177	10.24970984
sub_6	0.6531698860822189	0.7475442422461898	26.395632	2.5205971652626316	0.09197806785084375	8.037211569526715	0.012783355	0.0	8.3124920805	8.085888621	8.18176447133333	7.99966303016667	8.05001844883333	7.96382752983333	7.9952460555	7.94170454066667	7.931120505
sub_7	0.24423335456024906	0.4197609126343217	24.438284	5.445263161235844	0.03873811600186048	14.257913654097544	0.1645241	0.0	14.19246424	14.37623589	14.29356384	14.24703473	14.28770809	14.24599971	14.2370784	14.22143708	14.21027476
sub_8	0.08062690157786741	0.32961862308073303	23.816519	15.162066766584136	0.021024536470278538	12.939633325440921	0.5646531	0.0	12.94987968	12.71749983	12.93271711	12.88387828	12.94366991	12.94639249	12.96014624	12.96383437	12.96952102
sub_9	0.12525649189839383	0.33975543150877474	25.761198	4.510024209508107	0.356097591458189	8.971333763646724	0.41954944	0.0	8.909520731	9.586117056	9.493813108	9.209917901	9.055778719	8.749778124	8.779086492	8.642319289	8.622482169
sub_10	0.27947003467062903	0.4399577709674756	26.97188	18.02937368388668	0.3783503081714829	6.067623419785984	0.12580384	0.0	5.718567744	5.778089416	5.91206202	5.619268518	5.95593188	6.271367139	6.137544947	6.45849868	6.487286339
sub_11	0.14880067926130333	0.3604546490876357	27.296673	0.8688800818862982	0.42917185697136845	11.084759143708222	0.35300484	0.0	12.80195679	12.3267058	11.03672184	11.00190088	10.86742188	10.72897422	10.7377331	10.61029086	10.72388604
sub_12	0.41091771032335667	0.5503791756094876	26.343174	14.674262245160904	0.11575216767999835	10.777332233518392	0.0492436	0.0	10.49439564	10.55063165	10.74946855	10.78601305	10.75712686	10.88397708	10.80512395	10.88567765	10.81604319
sub_13	0.05717115969716267	0.32961862308073303	25.948793	4.12987873867162	0.1474154966085955	12.360218319627476	0.6562649	0.0	12.37641638	12.51404543	12.598847685	12.427476355	12.34033338	12.31047147	12.284757265	12.22806266	12.23523153
sub_14	0.37410670062973184	0.5261968078950902	25.778568	3.6925079090902124	0.08263006477300247	11.655166266418936	0.06285726	0.0	11.70182576	11.77788123	11.76386585	11.67083061	11.65291063	11.66008741	11.57336559	11.63533943	11.56303735
sub_15	0.0754970636099908	0.32961862308073303	26.342737	2.934803787728894	0.260983656309966	11.18331607322881	0.58612114	0.0	11.32473937	11.48971378	11.4474666	11.12065873	11.08109042	11.0265108	10.95514935	10.9820711	10.93501552
sub_16	0.2992287553951744	0.4571507861247794	26.63086	1.695373163326557	0.22497999549566183	6.047277571770451	0.107939824	0.0	6.47826613	6.272425416	6.16815487	6.005650749	5.968096869	5.779022004	5.914804499	5.914804499	5.840765028
sub_17	0.3738059859902356	0.5261968078950902	26.36326	15.105035476280834	0.20553531970098854	12.53555567144678	0.062933184	0.0	12.30033659	12.17236832	12.51033565	12.60682574	12.60682574	12.65197784	12.6991408	12.74609328	12.68572639
sub_18	0.40851199320738696	0.5503791756094876	26.183098	4.5838863912513625	0.08497372183925168	11.578552307825372	0.050033186	0.0	11.78687945	11.58820313	11.64519477	11.64963909	11.60343149	11.55928008	11.52831448	11.44606097	11.41749598
sub_19	0.08773791834713082	0.32961862308073303	24.828936	17.387250479006262	0.155006077476051	12.109445889628486	0.5369674	0.0	12.21419004	11.82348996	11.95733278	11.97439323	12.10592242	12.1774807	12.23484287	12.27389514	12.23962201
sub_20	0.6101323144413784	0.7120686808651148	26.978746	2.1469004251201103	0.13434130441440387	9.41748532615535	0.015878933	0.0	9.767108465	9.566619336	9.459562448	9.338227063	9.417005026	9.376986356	9.227596806	9.322301234	9.231267488
sub_21	0.031911129979480646	0.32961862308073303	24.147186	10.760803362710492	0.0741899061685501	10.870183110331379	0.7720033	0.0	10.58459536	10.84154756	10.84650669	10.94102806	10.95765004	10.89032084	10.8719162	10.83092656	10.79773493
sub_22	0.3882933559753768	0.5361298171953597	26.29231	16.319749740668243	0.47492084951105834	9.52508606755449	0.05720921	0.0	8.863325871	9.167035148	9.059396627	9.354169443	9.685366628	9.427958716	9.961351173	9.691814939	9.891924588
sub_23	0.0852614448453973	0.32961862308073303	23.714737	22.645905647295034	0.15271557974268546	10.606169619810073	0.5460066	0.0	11.7610513	10.6166375	10.5623241	10.41255531	10.46042667	10.47892676	10.6166375	10.70587693	10.7125522
sub_24	0.2332307365739758	0.4105406532676416	26.899496	17.980988623806308	0.0978288687712145	8.375405911574196	0.18156663	0.0	8.2895738565	8.285239177	8.342355987	8.3214974905	8.3294058255	8.41416233	8.48614875	8.456334348	8.534469151
sub_25	0.15858274959315077	0.36217452062548644	26.968622	2.146094766362012	0.16885549546999135	9.344791036250433	0.32703698	0.0	9.69093413666667	9.66264819433333	9.46216061433333	9.411916918	9.30154201366667	9.22518986933333	9.19383617133333	9.21127474233333	9.22756376766667
sub_26	0.11879997169744569	0.33810054482417035	26.599371	14.816974797972836	0.22349748426506477	11.18718589408863	0.43887436	0.0	10.8323146525	10.916726492	11.0966011735	11.2264464855	11.2809547515	11.3264104605	11.3947681605	11.319372573	11.3180636835
sub_27	0.25468761055685274	0.4197609126343217	26.531282	2.5335508466965333	0.23978175879787222	9.044006226539722	0.15201443	0.0	9.7178225865	9.299107033	9.222655908	9.2506528895	8.99238121	8.855009057	8.8431441965	8.816432854	8.8640556665
sub_28	0.15858274959315077	0.36217452062548644	24.710062	16.51745976594342	0.05295574259185242	8.776721847128098	0.32703444	0.0	8.793440867	8.58177730066667	8.71290547333333	8.74382571366667	8.77215006166667	8.796474194	8.81055426766667	8.828723687	8.86306685766667
sub_29	0.5904797282954787	0.7052952310195995	26.802334	16.63632327133943	0.12129018769214078	10.13522941614258	0.017550388	0.0	9.990362313	9.85245079	10.10033844	10.06327127	10.1370565	10.18795522	10.18376527	10.29543429	10.267175
sub_30	0.04650463454326753	0.32961862308073303	25.799753	1.2318474751782222	0.18805852199687256	9.992906324049587	0.7026705	0.0	10.35855031	10.18066515	10.17039066	9.882069988	9.854327308	9.83186967	9.835556052	9.887818434	9.91058933
sub_31	0.1488891247435081	0.3604546490876357	25.584076	15.065778948847989	0.16425110581784114	5.248531391952357	0.3529156	0.0	5.044821356	5.046915763	5.168527883	5.207346965	5.301241695	5.387426982	5.444356727	5.202508893	5.488812555
sub_32	0.8236750866765725	0.8578761283378834	27.145947	2.5922469424863324	0.24379193498900475	8.192816284039493	0.005244473	0.0	8.635402877	8.486779887	8.423780595	8.06210342	8.115334177	8.101550207	8.062242693	7.755801058	7.873158919
sub_33	0.08197127290737989	0.32961862308073303	25.956682	16.524537116892198	0.18590527111256708	8.90721379058328	0.55889624	0.0	8.837863938	8.611442425	8.700073737	8.853897399	8.907989928	9.020962027	9.074902155	9.060729745	9.07578155
sub_34	0.04678766008632279	0.32961862308073303	25.824636	15.618450475015948	0.3152843687945994	9.688629115655601	0.7005964	0.0	9.434147938	9.088823831	9.550356376	9.550967768	9.752445188	9.925606955	10.04765317	9.901839937	9.927843139
sub_35	0.20052359725465224	0.38444332976847345	26.67159	16.97966206699457	0.12020176601464774	10.186393867163765	0.23709284	0.0	10.0206095	10.10629737	10.06661488	10.08924458	10.22552212	10.27589398	10.29731499	10.27969546	10.37765347
sub_36	0.266840019811788	0.42722790406036276	26.369371	5.036178968152317	0.21032214112947117	11.13264978325698	0.13861951	0.0	11.32240284	11.14582477	11.24404206	11.38219606	11.0849688	11.06513538	10.99762564	10.9317096	10.86126711
sub_37	0.035767353003608574	0.32961862308073303	24.399414	22.52306666823812	0.17414738248736228	10.09756293416537	0.7518898	0.0	10.52936821	10.28471124	10.06339834	9.819352304	9.987390022	10.07490111	10.07862134	10.16892263	10.22850294
sub_38	0.1465187858204203	0.3604546490876357	25.941916	2.8901488609144472	0.1277341206971364	11.199020857945829	0.35880864	0.0	11.28938965	11.45909823	11.3829112	11.17467337	11.17053977	11.10074801	11.13619955	11.11080728	11.05585314
sub_39	0.5578787235548008	0.6798441125101015	27.027822	2.580966930606651	0.22127986204276895	10.664238867606556	0.021089543	0.0	10.94979513	10.99350967	10.83226307	10.68121434	10.63031515	10.51663482	10.57377063	10.44307259	10.42865848
sub_40	0.029133941838250903	0.32961862308073303	24.24697	0.0	0.11218976310462203	9.67816362158567	0.7860522	0.0	9.903390056	9.785562446	9.771619416	9.651154497	9.522728337	9.637305875	9.653398057	9.674058675	9.706394465
sub_41	0.1484645864289252	0.3604546490876357	26.59043	3.3855986103922517	0.13387876715895722	9.574030749871609	0.35379308	0.0	9.735725291	9.654158347	9.7377494	9.623554806	9.575081205	9.495227374	9.500210591	9.4368996	9.48323749
sub_42	0.029841505695889056	0.32961862308073303	26.601007	15.241254583427034	0.16402504223094203	10.916844830268513	0.7828974	0.0	10.7323586	10.75137388	10.81446441	10.92387606	10.95424075	11.05841763	11.06692489	11.06899635	10.9499988
sub_43	0.012382367508667657	0.32961862308073303	25.545345	14.229837924758218	0.12100087294041659	10.407478409938175	0.87832904	0.0	10.246491324	10.256220029	10.325194479	10.3839436515	10.473972246	10.517179821	10.4906203815	10.454321554	10.425218785
sub_44	0.10141158989598811	0.3312511721173127	24.787199	1.578002099798791	0.08426138455910076	10.993439692270913	0.4900312	0.0	11.70036546	11.07679829	11.03694964	11.04519118	10.98934779	10.9763403	10.85773687	10.8917356	10.95936872
sub_45	0.21371966319960375	0.3942005493268495	25.4125	0.8089050104071167	0.18596999448546786	7.401118603533361	0.21284457	0.0	8.266286731	7.585682315	7.532145903	7.409554741	7.363472051	7.203351153	7.331298222	7.336059221	7.325073059
sub_46	0.8477499469327107	0.8655157361002678	26.13115	15.803825998272785	0.08459901710730647	9.589917600896962	0.0045686634	0.0	9.496226274	9.485380355	9.617306268	9.619715765	9.602179421	9.651684301	9.67442252	9.671002867	9.711200316
sub_47	0.41141300502370337	0.5503791756094876	25.261766	2.0102674995793968	0.021808171897472924	9.764851201114968	0.04901115	0.0	9.932929395	9.77261759266667	9.79066769666667	9.77191250933333	9.73308383266667	9.76026600566667	9.75806702433333	9.73145809066667	9.70344497933333
sub_48	0.16086464303403383	0.36217452062548644	25.1965	18.847693943104478	0.15711017239391822	10.383164636615444	0.32051826	0.0	10.62957657	10.16257578	10.16463681	10.25104999	10.32411667	10.37216054	10.50229851	10.50951932	10.53131122
sub_49	0.27510082784971346	0.4359857667944006	25.4835	5.678154883797834	0.0763502866091482	9.868674413525303	0.13014694	0.0	9.808280215	10.02998142	9.938581798	9.867643079	9.920078826	9.851244182	9.816406976	9.754252237	9.746818721
sub_50	0.4868216231514894	0.6186883885785459	26.931574	16.287913803957263	0.08906374552735258	10.957071876344632	0.031067962	0.0	10.8387283	10.87593523	10.86458801	10.98526272	11.00454156	11.01431721	10.99815838	11.09875814	11.05309538
sub_51	0.6889549281822684	0.7709123917578543	26.11159	2.90905197103579	0.054830660250501165	4.912325151454909	0.010655397	0.0	5.240195078	4.9777347435	4.9507368385	4.942666521	4.952850132	4.8645850575	4.8979280645	4.836651594	4.743157927
sub_52	0.8304853888063398	0.8590244056038085	27.052034	3.8749184927629416	0.23422245167164873	12.17789639213924	0.005020083	0.0	12.47211748	12.37985273	12.21351184	12.23959841	12.21730464	12.07554838	11.95596416	11.84389425	11.86256266
sub_53	0.17888983230736574	0.3662982280579394	27.04441	1.2912754940394802	0.1700030692003578	9.747868826679467	0.27802545	0.0	10.08184856	10.03881419	9.828459347	9.729653524	9.673542734	9.719263997	9.700280145	9.646206206	9.622804019
sub_54	0.05289039835845185	0.32961862308073303	25.327662	11.286863075477852	0.16030336698772968	10.370398030220645	0.6744523	0.0	10.1821295595	10.23623717	10.45076624	10.56860936	10.48393678	10.48080483	10.433056325	10.41559915	10.29853721
sub_55	0.05055543762824595	0.32961862308073303	25.125105	12.396232387725709	0.11777003248551202	13.208500688729782	0.68458384	0.0	12.8558888	13.04919473	13.19870091	13.29502341	13.30575099	13.29315341	13.25260316	13.23862329	13.19135341
sub_56	0.5250477605603906	0.6530552724325519	26.606531	16.514787704870923	0.2501220035667602	11.656698756206785	0.02506163	0.0	11.43959848	11.40122329	11.49986473	11.71060226	11.7150045	11.78845895	11.87846818	11.86496738	11.98941841
sub_57	0.6825514752706432	0.7665969927479985	26.52541	5.0659800852621615	0.06653610398407092	13.730519735605295	0.011032123	0.0	13.82049798	13.78465175	13.76395204	13.76950699	13.75791152	13.7148532	13.67385198	13.64618981	13.58189211
sub_58	0.045602490624778884	0.32961862308073303	25.312555	8.460098430773916	0.20992691145697218	12.092368039625333	0.7064911	0.0	11.7771719	12.11058609	12.24261751	12.28865757	12.13961881	12.09855018	12.03508539	11.92862957	11.87984449
sub_59	0.3427616217363617	0.49899222932381604	26.75458	15.329244905221074	0.23428252489756746	10.584446966658643	0.07849252	0.0	10.16667332	10.32946739	10.40145008	10.61022242	10.65797729	10.66545705	10.73613633	10.79701802	10.71654935
sub_60	0.6103445835986698	0.7120686808651148	26.8426	2.5632794727319856	0.07823113800376606	11.361037653865646	0.015867522	0.0	11.540065576	11.4259011695	11.4361031775	11.345343805	11.358427235	11.312128232	11.2828070255	11.2772130545	11.2658997355
sub_61	0.05759569801174556	0.32961862308073303	23.883379	11.023357686145959	0.10063624800629378	9.359629115875501	0.65490305	0.0	9.063191092	9.27035353	9.400209063	9.402272202	9.536247374	9.386195584	9.385651696	9.35318938	9.343845426
sub_62	0.04981249557772589	0.32961862308073303	24.39245	11.646537133690373	0.1521872293019253	9.242663628814775	0.68738747	0.0	8.309367555	9.0490846785	9.2055438715	9.2982508715	9.387757355	9.277904309	9.2292623335	9.207158391	9.109925823
sub_63	0.9095025826080804	0.9186586488759471	26.903826	2.9973138004384365	0.14228329414024385	10.535039766026014	0.0030007802	0.0	10.7634279146667	10.6583840696667	10.6773512896667	10.515914098	10.4976038546667	10.5349682143333	10.4753358376667	10.4172650293333	10.377770053
sub_64	0.8971379041958537	0.9092205695722289	26.920582	3.4276349337481045	0.5237362927790781	7.2704851061808	0.0032901901	0.0	8.055550992	7.900338589	7.674846596	7.459113783	7.289767589	6.992567137	6.938954164	6.701548362	6.497424161
sub_65	0.254210004952947	0.4197609126343217	26.32369	15.501318164545168	0.22376541009847772	10.145467488674075	0.1527523	0.0	9.864710772	9.595425283	10.10082058	10.10520628	10.20249357	10.24787832	10.35330497	10.39999722	10.3069418
sub_66	0.6654284299157999	0.758689232593393	26.661001	16.1242744925767	0.2765302649572796	8.792155919872272	0.012004624	0.0	8.212064325	8.508267935	8.722304206	8.677425068	8.827315751	8.995600824	9.041592295	9.047416578	9.176473941
sub_67	0.08405858628741245	0.32961862308073303	25.689522	15.127873200353653	0.7983735252034803	9.148830099535644	0.5492554	0.0	8.34449915	7.472861509	8.419817763	9.073895675	9.592241174	9.736437848	9.778291385	9.787571336	9.612421022
sub_68	0.24888558692421991	0.4197609126343217	24.599237	17.61790605834678	0.377583262154479	11.270584785278954	0.15858161	0.0	12.20147604	10.30251746	10.48891949	11.05225116	11.2930872	11.41458507	11.45637795	11.47185359	11.47143989
sub_69	0.08043232151701692	0.32961862308073303	25.402836	0.40429868934344965	0.28456092290339713	6.7399627085807525	0.56543756	0.0	7.863727275	7.037339338	6.919208592	6.524172665	6.456540003	6.478179791	6.535209078	6.56899467	6.656495473
sub_70	0.26613245595414986	0.42722790406036276	26.518717	1.6882339460420965	0.1924170132073304	11.356002000475312	0.13910207	0.0	11.86150657	11.5993706	11.41724474	11.33058539	11.28132949	11.26229398	11.13164139	11.27838629	11.17086214
sub_71	0.7467628953513055	0.7999132793620746	27.251131	2.6022913276105646	0.24588159805543608	13.390116226714902	0.008051099	0.0	13.7494189	13.80196847	13.39496969	13.49753578	13.35705607	13.27020699	13.20779685	13.1627105	13.11002675
sub_72	0.03622726951107338	0.32961862308073303	24.662344	23.15829031958295	0.11852531931573049	10.475495091793585	0.74991274	0.0	10.85315129	10.61114508	10.49537662	10.30482688	10.35700741	10.48512715	10.48865035	10.50142611	10.51347105
sub_73	0.3449727587914809	0.49899222932381604	26.037739	2.0720174184817033	0.16037648795780288	10.042146843753786	0.07691524	0.0	10.63628394	10.13894152	10.25570708	10.0601215	10.00185151	9.901754796	9.91361445	9.849021359	9.879804027
sub_74	0.9374867331776693	0.9406116889549281	26.439823	3.787225694009148	0.09502433228736289	11.307207461068003	0.0023396127	0.0	11.56030799	11.38379464	11.38818177	11.4111877	11.28380692	11.25210824	11.24501241	11.21099894	11.06949295
sub_75	0.17839453760701904	0.3662982280579394	25.55936	13.830855126111198	0.4447341013042798	9.474093520204534	0.27885145	0.0	7.514863066	8.862619285	9.337640574	9.452256838	9.612061323	9.8006824205	9.857083979	9.728629631	9.767395153
sub_76	0.4477817873063044	0.5860100781704244	26.16477	16.24058475183537	0.07055967133212562	4.3537732944342356	0.039291766	0.0	4.224911798	4.284570845	4.293029371	4.32337836	4.380421027	4.386117842	4.424215241	4.380421027	4.472519789
sub_77	0.5027594990447888	0.6305442050520059	26.469416	2.1063691718933653	0.13917019587448395	10.479920297236243	0.028369786	0.0	10.94342434	10.61431861	10.56511186	10.47086368	10.4931125	10.41638588	10.3668836	10.32563415	10.32273016
sub_78	0.10544470388452558	0.3312511721173127	26.567945	16.4908374188733	0.12394501028861536	10.441268723396037	0.47689605	0.0	10.20761215	10.33566001	10.34537315	10.27870054	10.47257807	10.5083204	10.56437961	10.51248936	10.55077396
sub_79	0.6798627326116182	0.7665969927479985	26.899908	2.1406266686944813	0.1677547172407739	5.438040090465854	0.011169549	0.0	5.76874196	5.59987620066667	5.56706740366667	5.47399446733333	5.40787157866667	5.25537955233333	5.40949678433333	5.33162486366667	5.24399588333333
sub_80	0.03231797919762259	0.32961862308073303	26.008667	15.729750077143102	0.2571344205808244	10.547174373706978	0.7692107	0.0	10.3396190745	10.27075483	10.33358103	10.4535657725	10.638701315	10.75039458	10.79747608	10.688763033	10.79913789
sub_81	0.19810019104224155	0.3822317788699661	26.552624	16.481327154542164	0.2932411677825915	11.346316496614756	0.24144799	0.0	11.13344326	10.84550014	11.18743274	11.15110043	11.42111463	11.48365666	11.63146375	11.59459535	11.68953323
sub_82	0.4909078044293497	0.6208539879547659	26.564657	3.3823172053765997	0.10648310822582019	10.324214594170169	0.030376108	0.0	10.52922097	10.41423581	10.39363259	10.42106933	10.29253143	10.28010903	10.18723304	10.25989671	10.15153141
sub_83	0.2099165074647987	0.3900300539932371	25.505505	6.088990701661308	0.11853856114950309	12.633765916244014	0.22058983	0.0	12.51749091	12.8436583	12.68077886	12.76494356	12.6437687	12.63552097	12.54310665	12.53211707	12.47221535
sub_84	0.7681667020448596	0.817025361538879	26.3128	2.9314684697533933	0.033746762761735695	10.371379159590703	0.007139084	0.0	10.506182184	10.4032154883333	10.3916403463333	10.3840669281667	10.3693145248333	10.3463979415	10.3387649175	10.3445976655	10.2844332591667
sub_85	0.0671124318969787	0.32961862308073303	26.26925	3.7627930145177455	0.4492578551746623	10.882217353001808	0.61693156	0.0	11.04546924	11.34038631	11.37923106	11.09346282	10.83492516	10.64016193	10.51992751	10.48858362	10.42698378
sub_86	0.751892733319182	0.802552172798134	26.445326	3.7880138978393676	0.08762745749313891	10.697536868592566	0.007833206	0.0	10.76008911	10.78930051	10.66081339	10.71149238	10.71055759	10.6606074	10.60684917	10.6195163	10.57772212
sub_87	0.15088799264133587	0.3604546490876357	24.629667	18.031693155416026	0.06939662545023956	10.472617194197815	0.3480386	0.0	10.547285843	10.3267363676667	10.3906204433333	10.4085052033333	10.4406858333333	10.5017674933333	10.5082318256667	10.5265878266667	10.5454877633333
sub_88	0.10385268520483974	0.3312511721173127	25.934229	14.446462534872547	0.3693310528285087	11.004665732609368	0.48294446	0.0	10.27104595	10.55795672	10.70208991	11.04015373	11.21742989	11.29591443	11.24416233	11.23179942	11.21808249
sub_89	0.015177244746338357	0.32961862308073303	26.199158	14.594039093065417	0.4038471870312719	7.614311628787341	0.8613698	0.0	7.059240156	7.189742327	7.416875514	7.578506973	7.800806949	7.969737376	7.995418313	7.786044097	7.696883937
sub_90	0.09277931083280266	0.32961862308073303	26.386724	15.538437237400952	0.11957209241553876	12.085304518679827	0.5182455	0.0	11.96227629	11.86178017	12.00802435	12.063272	12.07799353	12.14369594	12.20415515	12.19856214	12.13482465
sub_91	0.06882827425175123	0.32961862308073303	25.624414	13.866057556816687	0.26268634511165506	10.734193800796012	0.60942066	0.0	10.0898438	10.25485363	10.53712184	10.83614939	10.93874164	10.90121218	10.89953365	10.88460937	10.80484701
sub_92	0.22014080520767	0.3979285114763044	25.633656	14.279030464980467	0.2027690355206424	12.552754769454577	0.20216978	0.0	11.83181917	11.51505546	12.48027608	12.60296573	12.63826428	12.67131859	12.73774891	12.72485106	12.7532481
sub_93	0.16717965046345432	0.36217452062548644	25.793236	14.367923403862422	0.44224127423196663	11.230949750712496	0.30536225	0.0	9.144032388	10.57375514	10.57487454	11.24160253	11.45259601	11.38197615	11.63869807	11.49652378	11.48525242
sub_94	0.0710571004033114	0.32961862308073303	26.456156	3.7895651704036606	0.521472318072808	9.163037092789967	0.6008772	0.0	9.444402391	9.6742669905	9.7838450515	9.478492184	9.151046595	8.959477653	8.879926765	8.698297617	8.7260292995
sub_95	0.19304110946012878	0.38215581012638006	24.376863	10.087215631627965	0.11579663591481273	9.782505229227745	0.2501064	0.0	8.642859527	10.0463475	10.03623596	9.926861989	9.796070915	9.868251591	9.787368025	9.705587173	9.570302286
sub_96	0.09276162173636171	0.32961862308073303	26.304256	14.233938284633556	0.3500507009984616	11.074855807585529	0.51825976	0.0	10.01690299	10.08489418	10.82073865	11.0263095	11.22314186	11.34896272	11.39421839	11.24272463	11.2537045
sub_97	0.8115757447109602	0.8482093720763855	27.332525	3.0450745508722714	0.27911464588613694	8.04081707917618	0.0056350245	0.0	8.334685885	8.38258727	7.993418203	8.111496168	8.060478142	7.857269682	7.851869518	7.653848955	7.75841841
sub_98	0.10277365032194155	0.3312511721173127	24.386423	4.269341760684028	0.1640360697073337	10.576378811245323	0.4863114	0.0	10.35788399	11.1262619	10.74372866	10.7248536	10.57299578	10.4734043	10.44474912	10.42936733	10.4117915
sub_99	0.5398358451850279	0.665945038527432	26.977144	2.5761275139067243	0.45015656239056057	5.887960889701481	0.02318984	0.0	6.757290412	6.313535226	6.229522826	6.119573311	5.853716586	5.491361701	5.847236773	5.477122621	5.536131547
sub_100	0.1344902002405717	0.34897888165872487	26.088022	14.947335697402512	0.1534855197804706	11.528013708920346	0.3907949	0.0	11.35726481	11.21783478	11.42845213	11.51687302	11.58483804	11.61270935	11.61806994	11.70231735	11.51917665
sub_101	0.2752069624283592	0.4359857667944006	24.616653	5.485006908829485	0.16701281795344725	11.965510746607915	0.1300064	0.0	11.92492564	12.39487635	12.09969724	12.08875105	12.04851258	11.94589862	11.98892356	11.8063568	11.75504946
sub_102	0.0836517370692705	0.32961862308073303	24.75677	5.122210847038342	0.17438781782104934	12.52662035573158	0.5509976	0.0	12.41036304	12.96896547	12.60414806	12.62147127	12.58655265	12.47981556	12.37063977	12.36470776	12.26790188
sub_103	0.6072666808179438	0.7120686808651148	25.93498	3.7149122956056884	0.062318219025771615	10.09037834052904	0.016097745	0.0	10.35365954	10.08844037	10.1711871	10.12306858	10.09337644	10.05571754	10.05410285	9.980961886	9.920574892
sub_104	0.09534422981674096	0.32986911695217275	24.315022	0.38698558654809395	0.1809263290627775	10.245219788941988	0.50957036	0.0	11.96999176	10.42198606	10.37616225	10.22032099	10.16572959	10.08617628	10.06177224	10.24583969	10.26951361
sub_105	0.4323922734026746	0.57083365918511	26.249197	3.3421515645870263	0.15955245223848624	11.412249702589131	0.04326444	0.0	12.00368084	11.53812425	11.54644232	11.52266913	11.43531692	11.35902073	11.25369201	11.15292331	11.14075514
sub_106	0.11906530814406	0.33810054482417035	26.52352	1.2664047717493072	0.22400193269488977	10.408867746932984	0.43761525	0.0	10.75777646	10.64223241	10.48163392	10.33812073	10.32138618	10.19587109	10.28927921	10.29923011	10.27762077
sub_107	0.05289039835845185	0.32961862308073303	26.356342	2.097371080680791	0.48460545961640356	8.998953215867829	0.6735726	0.0	9.503478788	9.658157141	9.424906608	9.076172282	8.732853265	8.744705549	8.662976642	8.693141759	8.686295147
sub_108	0.204061416542843	0.385772275186966	25.64213	8.162143449365049	0.14132199425292308	11.830521914107862	0.23025966	0.0	11.65841648	11.96676321	11.9431934	11.96261307	11.91263977	11.88364364	11.84239385	11.7551218	11.63711518
sub_109	0.022659732540861812	0.32961862308073303	24.707314	19.66145540014985	0.16657323659972215	9.58943098844962	0.8211055	0.0	9.745366796	9.54073537	9.4869978695	9.363197743	9.525922331	9.6395148135	9.669195375	9.713259672	9.7274061045
sub_110	0.12529187009127574	0.33975543150877474	26.769909	15.764084314914093	0.3397547227932673	11.206365847638587	0.41942647	0.0	10.8004008	10.72884872	10.93523427	11.1626331	11.2798152	11.33704027	11.45863925	11.48252832	11.37818487
sub_111	0.31590957333899383	0.47544390787518576	26.505766	4.218523665795713	0.28133762302866916	10.85751934265458	0.09552758	0.0	11.14516598	11.00003322	11.21737688	10.9171964	10.91349488	10.81972567	10.58888883	10.59866587	10.48942821
sub_112	0.7744463312813982	0.8208040342102142	26.784302	2.983997815414561	0.05297113306104241	12.774880673207921	0.006934847	0.0	12.950693515	12.84087252	12.80841744	12.799853035	12.797718975	12.73767224	12.75443024	12.705130925	12.70684038
sub_113	0.017653718248071888	0.32961862308073303	26.33241	15.925546708402393	0.09688172477768753	11.337365581459542	0.8463114	0.0	11.2133185	11.22003566	11.24493455	11.28632987	11.35280363	11.4115854	11.43399846	11.38547322	11.41605497
sub_114	0.7089966744498691	0.7817142820857532	27.387423	2.179421839616191	0.052602784841089975	13.534111550070605	0.009632087	0.0	13.65958931	13.61873604	13.55919348	13.5224581	13.5224581	13.50474969	13.49389355	13.47034764	13.46789352
sub_115	0.6712127644519917	0.7623963852832057	27.278324	2.604888074463814	0.09941182767419465	13.3433608190999	0.011708041	0.0	13.490971425	13.436057265	13.369546345	13.33318541	13.356092945	13.291718565	13.232544025	13.27371985	13.225554115
sub_116	0.17602419868393124	0.3662982280579394	26.187136	15.004123529407398	0.1312342951909097	12.925869113089115	0.28503144	0.0	12.78645752	12.65434	12.89477932	12.92784232	12.97334219	13.00512106	13.03290587	13.05930929	12.99523315
sub_117	0.3607868110096936	0.5146769199711743	25.67628	2.4519040403268457	0.26935149974367745	11.042706825397339	0.068933144	0.0	12.50745793	11.28277546	11.05804473	11.39468415	10.97324315	10.81455342	10.81894269	10.61288818	10.65673755
sub_118	0.0475482912332838	0.32961862308073303	26.75731	2.5551349730272848	0.3983905434463456	9.524323194938997	0.69714624	0.0	9.996422271	9.946180228	9.889998553	9.599016038	9.493544083	9.387930425	9.097970654	9.166908895	9.466237927
sub_119	0.06345078893370126	0.32961862308073303	26.477262	0.42139872059309724	0.8480358707805313	9.931616415517297	0.63302785	0.0	13.26677119	11.61133827	10.08033886	9.588818466	9.383836693	9.221023912	9.212485948	9.259621797	9.767204846
sub_120	0.32268449727587917	0.48158443066728157	26.344059	3.3542297675513137	0.16646254090804755	9.781305138208104	0.09102121	0.0	9.957055647	9.966389675	9.945797171	9.872895114	9.712814185	9.647573425	9.684864806	9.661070586	9.535986835
sub_121	0.9357885799193377	0.9406116889549281	27.01288	3.0094634016468476	0.06598093741642905	11.815210936382764	0.0023758363	0.0	11.95826042	11.87411493	11.85182803	11.78021151	11.83349844	11.78455338	11.75942425	11.75102077	11.6941486
sub_122	0.028921672680959458	0.32961862308073303	25.321592	17.73224898027332	0.12995512370622497	11.182300936719912	0.7865551	0.0	11.21515318	11.03718775	11.05466241	11.10951904	11.11672248	11.24459353	11.30043477	11.28304829	11.30341125
sub_123	0.7176997098988184	0.785554955198343	26.621912	15.676932892132113	0.1946909575215839	8.057698803254853	0.009279703	0.0	7.777956225	7.758181112	8.041192211	8.106300401	8.102264385	8.122709058	8.189919868	8.353430903	8.232323907
sub_124	0.21609000212269158	0.3942005493268495	26.262987	3.3439073785496642	0.35007496562524265	8.848481207037468	0.20926729	0.0	9.584727702	8.939635896	9.214503714	9.043581697	8.861146757	8.612601168	8.573750915	8.530989585	8.535015319
sub_125	0.09316847095450365	0.32961862308073303	26.66192	2.9703635132189663	0.12233695844641262	9.037395224203165	0.5175079	0.0	9.150199169	9.16641256233333	9.14979378833333	9.04754591366667	9.054919054	9.00932259733333	8.91536657666667	8.88220021566667	8.99705208566667
sub_126	0.3247364324630298	0.48158443066728157	26.996532	16.327200019945703	0.2727572655115151	9.057337089654121	0.08959404	0.0	8.690666251	8.808919712	8.88701161	9.044750384	9.044750384	9.244964912	9.241822212	9.426659513	9.249027471
sub_127	0.9705476544258119	0.9705476544258119	26.864622	3.420509923257118	0.06385615685774892	10.701124291266472	0.0015855643	0.0	10.7885733933333	10.8054333906667	10.7623162493333	10.7405819196667	10.7031650266667	10.7139268566667	10.6853038666667	10.6424067726667	10.637830576
sub_128	0.25659803297247574	0.4197609126343217	26.119614	16.628262494575754	0.19842174900494375	11.675789775805272	0.14942813	0.0	11.64619235	11.42154905	11.36179837	11.72048645	11.6965413	11.79667235	11.83249068	11.84278429	11.87506432
sub_129	0.08810938937239086	0.32961862308073303	26.153793	15.401270312492729	0.26099542825175015	9.130801614484675	0.53516084	0.0	8.803386701	8.904274549	8.833284778	9.158664294	9.215112332	9.304580224	9.38910175	9.252416274	9.356212695
sub_130	0.022801245312389442	0.32961862308073303	24.347345	22.47500211099	0.22351789367148212	10.87922554386896	0.82085246	0.0	11.31608753	11.06486785	10.73560288	10.5391988	10.6871009	10.71989647	10.85687278	10.91597675	10.95214409
sub_131	0.17616571145545887	0.3662982280579394	23.950027	16.771767136836637	0.08424530319152884	11.44346249830193	0.28471935	0.0	11.54848338	11.12097961	11.3610509	11.3802073	11.4239816	11.42948139	11.46915534	11.56179812	11.47047361
sub_132	0.5426130333262577	0.6666388695151165	26.043222	14.921667300086469	0.10996194174481294	12.739506204840266	0.022819767	0.0	12.525453	12.59017388	12.75805369	12.78887123	12.78063983	12.78439396	12.79674859	12.92028793	12.81590968
sub_133	0.0773721078327319	0.32961862308073303	25.175287	0.801354281814262	0.17120224843855897	11.64791112673138	0.5755362	0.0	12.30371881	11.78168636	11.75317837	11.67601453	11.58022821	11.47751508	11.44051689	11.64128983	11.64260712
sub_134	0.19679119790561098	0.38215581012638006	26.991848	2.5775316186617014	0.08998630601736796	10.1926767625372	0.2439036	0.0	10.304404235	10.313316275	10.23059606	10.24143186	10.15655385	10.122532155	10.1078900705	10.12277628	10.098065495
sub_135	0.6926165711455459	0.7721392144992937	26.182032	15.001199115612366	0.08049777816402837	13.087140062295422	0.010459433	0.0	12.87823696	12.99671954	13.09086657	13.10840902	13.1051818	13.15853191	13.15244945	13.2007781	13.18098708
sub_136	0.38109389372390856	0.5310613981985948	26.842653	16.66134972194268	0.1664997465504901	11.973347855440133	0.06000178	0.0	11.71174696	11.8080828	11.88389753	11.87744495	11.97526973	12.02221753	12.14870072	12.09366791	12.17030483
sub_137	0.07611618198542418	0.32961862308073303	26.222883	16.694005949194775	0.20758492595770645	11.185678937129678	0.5833017	0.0	11.12833702	10.93217743	10.98916457	11.14193921	11.1705225	11.30103082	11.39040041	11.35857333	11.39517153
sub_138	0.16717965046345432	0.36217452062548644	24.843794	15.816050397641705	0.1850133460173249	12.70113974298882	0.30539715	0.0	12.69494405	12.03556203	12.41351963	12.65788855	12.71958683	12.7811815	12.85605559	12.86587255	12.90985459
sub_139	0.0475482912332838	0.32961862308073303	24.701612	11.007874436563844	0.13606163198470977	10.643778084492183	0.6971492	0.0	10.41974496	10.56280205	10.65197514	10.66717795	10.8101408	10.67035102	10.6393208	10.63747507	10.51576139
sub_140	0.16445552961154744	0.36217452062548644	25.12453	6.397909229518312	0.09821391648913264	12.749135850650907	0.31147167	0.0	12.59986791	12.99514891	12.81177321	12.85051998	12.77851485	12.7412611	12.70067267	12.6522807	12.5921653
sub_141	0.11075143281681171	0.3312511721173127	26.454481	16.42040960802671	0.155127998651649	10.787546888798001	0.4625511	0.0	10.55070528	10.73221591	10.62714612	10.73929681	10.75314	10.89423979	10.9817351	10.86465185	10.92563862
sub_142	0.7977782494870163	0.8396197660685031	26.308115	15.49214622225092	0.07454229561212546	10.971686898445894	0.0061087497	0.0	10.73424822	10.85691599	10.94382973	10.93876851	10.99119816	11.03265987	11.01081578	11.05762879	11.08021991
sub_143	0.049617915516875395	0.32961862308073303	26.556496	4.226597556522594	0.15097653590736834	13.4387899917329	0.68842274	0.0	13.56608063	13.57766631	13.57511232	13.55468977	13.46949829	13.37996507	13.28850304	13.30966478	13.24264409
sub_144	0.09417674945163801	0.32961862308073303	26.628603	4.238073792148032	0.8784261974952846	13.039984062338144	0.5139145	0.0	13.88862078	13.76398661	13.91702463	13.54516714	13.21003466	12.73264263	12.37026819	12.14037397	12.10478372
sub_145	0.14347626123257623	0.3604546490876357	26.489122	1.6863499066614405	0.21776304745393926	11.495863577619357	0.3665206	0.0	12.02917125	11.82091241	11.66036558	11.54075627	11.39030844	11.35722058	11.31502223	11.37189831	11.34883272
sub_146	0.029133941838250903	0.32961862308073303	23.823166	10.995566374966689	0.14519667959777402	8.911558622526485	0.7860057	0.0	8.378597619	8.770863333	8.8936906385	9.0049146065	9.073009342	8.9027340225	8.901952988	8.83686864	8.8300762965
sub_147	0.07171159697162668	0.32961862308073303	25.435814	2.0241177571783484	0.38424822683085125	9.920031009048685	0.59882647	0.0	10.17866263	10.85265491	10.28800725	9.755199426	9.770604525	9.749715565	9.696682049	9.681741767	9.6859392
sub_148	0.6318722139673105	0.7287108674488906	25.60016	1.629756841295286	0.1725266427121993	7.090925077031686	0.014193086	0.0	7.828696564	7.499789368	7.165690225	7.12605326	6.92609653	7.119891648	7.098467785	7.016019194	6.704149385
sub_149	0.45935045637868815	0.5985475643722301	26.51751	15.193413752819731	0.42170944696729434	6.755846189558043	0.036706414	0.0	5.897328585	6.031945303	6.643806825	6.705945677	6.896577879	6.851988453	7.084667346	7.097466718	7.048855472
sub_150	0.05145758154673459	0.32961862308073303	25.03388	11.952797351922408	0.22194788307110486	10.492494454743627	0.67971617	0.0	9.796161067	10.12987072	10.49376358	10.75408999	10.68133984	10.67076456	10.6094484	10.50788665	10.47970482
sub_151	0.10947781787306304	0.3312511721173127	26.682364	2.1233150230061484	0.0804373956049402	10.876184897577208	0.46564698	0.0	10.97251178	10.95988087	10.950893635	10.847884915	10.798284105	10.80891709	10.830938665	10.76201704	10.79028977
sub_152	0.23715771598386753	0.41262700873493713	26.270569	2.0905454449702243	0.12341573907813354	11.314646123174382	0.17457387	0.0	11.65270426	11.40893637	11.52415324	11.33076016	11.27571543	11.25997741	11.19861702	11.20919432	11.23143692
sub_153	0.13028019528762472	0.34398542790855297	26.679981	2.5477505367734223	0.32986436049710977	11.247849559822697	0.4026656	0.0	11.68857328	11.55604275	11.63050589	11.26945847	11.16983316	11.01831662	11.02772351	10.95540653	11.01569951
sub_154	0.35388806339772166	0.5072395575367344	27.163706	2.5939428329226524	0.2393893635689612	10.166156082001487	0.0722969	0.0	10.53958508	10.40161284	10.29336609	10.20267812	10.1519269	10.08358161	9.920640648	9.976055587	9.993003561
sub_155	0.08101606169956839	0.32961862308073303	26.231379	5.844794985666551	0.12454864378798886	9.90495396723656	0.56265944	0.0	9.935422625	9.94745841	10.01753949	10.03835895	9.903146258	9.87978295	9.846226872	9.790210514	9.705451373
sub_156	0.6807471874336659	0.7665969927479985	27.247128	2.1682575159628508	0.0753213542852483	11.038941056044747	0.01113164	0.0	11.29142313	11.2275546	11.08120415	11.0681941	11.02138815	11.01299049	11.0681941	10.92841438	10.96166228
sub_157	0.30115686690723836	0.4571507861247794	26.499226	3.3739861959729627	0.12036530546050639	9.086223593720089	0.10607132	0.0	9.316249333	9.187735232	9.300712142	9.15953273	9.086189135	9.007532433	9.008631562	8.991261571	8.944019565
sub_158	0.12918347130828559	0.34398542790855297	26.292366	16.738240075643557	0.09740610655651707	10.340718281870073	0.4059589	0.0	10.15151091	10.29943787	10.243774675	10.233002545	10.346923	10.37503795	10.40764282	10.449147525	10.415784675
sub_159	0.2527064317554659	0.4197609126343217	24.45665	19.851223190388954	0.08569367673142175	11.064417237229362	0.15413368	0.0	11.40402825	10.77762208	10.8520635	10.98236048	10.99977912	11.04828716	11.03974959	11.0824805	11.14826245
sub_160	0.1935364041604755	0.38215581012638006	24.563223	19.546791702183494	0.12326381450472107	10.830492369131804	0.24909246	0.0	11.32431643	10.57124798	10.51245861	10.73515467	10.73617985	10.8734273	10.89254609	10.95089385	10.95962253
sub_161	0.20301775985282672	0.385772275186966	26.578959	16.497673254333026	0.08457743300847442	10.126617114584711	0.2321391	0.0	10.04122923	10.05330383	10.06802711	10.06571369	10.12513913	10.26021019	10.1379982	10.20513801	10.20959919
sub_162	0.06099200452840869	0.32961862308073303	25.88143	15.240882626503033	0.09304852668268995	12.006845758430195	0.6411511	0.0	11.9279313	11.82330173	11.949464885	11.949752075	12.043564615	12.04972713	12.07730671	12.09455873	12.014300405
sub_163	0.2561911837543338	0.4197609126343217	26.806993	18.77244829895574	0.05222878816603096	7.176319177067197	0.1502324	0.0	7.11615376566667	7.12961721	7.13959739233333	7.141028888	7.12337499833333	7.187605648	7.204478852	7.232255978	7.26843856433333
sub_164	0.2962392980966532	0.45493892207700315	26.756907	15.756427551428922	0.38845655435041315	9.60798502656835	0.110467285	0.0	9.115148671	8.9904749695	9.5546216615	9.575181865	9.692395438	9.879601775	9.9952773275	10.0383561655	9.9404743255
sub_165	0.20634330998372602	0.385772275186966	25.859179	3.292492871543025	0.16607351096184703	10.127520142431253	0.22582762	0.0	10.18012058	10.39279134	10.29114576	10.13836761	10.12102291	10.05327076	10.05553456	9.901167884	10.04498427
sub_166	0.007535555083846317	0.32961862308073303	25.868277	18.115081993944425	0.22591894116049394	8.00225310656934	0.9095946	0.0	7.93282079	7.889586855	7.720761714	7.818011347	7.856210602	8.088791381	8.125731165	8.17129676	8.209909706
sub_167	0.48275313097007005	0.6186883885785459	26.425953	1.682328412703722	0.09780788479581863	11.979345356096314	0.031903725	0.0	12.30637413	12.09206531	11.98296085	11.97784482	11.94469081	11.92090881	11.88489198	11.90673966	11.84634878
sub_168	0.16465010967239793	0.36217452062548644	24.626371	9.7985218403185	0.11651760849211179	10.627795700390752	0.31100342	0.0	10.08900578	10.63945865	10.85944204	10.71585246	10.70420853	10.67238275	10.63933924	10.54943606	10.50731825
sub_169	0.25571357815042806	0.4197609126343217	26.002325	5.379918134318406	0.055104624802661276	10.031288950980603	0.15084966	0.0	10.0603036455	10.058306833	10.126860958	10.0597174255	10.0373674225	10.008377386	10.008786466	9.9845178305	9.9223573435
sub_170	0.2325054836198967	0.4105406532676416	26.816534	17.0719357977337	0.2075694176161898	12.861342980722283	0.18264087	0.0	12.50662324	12.73047559	12.63284177	12.7140291	12.79632734	13.00599326	13.01525385	13.07268652	13.16039345
sub_171	0.2958324488785113	0.45493892207700315	26.306849	14.23534093228151	0.05079041485402137	11.887717634545822	0.11085092	0.0	11.66186224	11.70189236	11.87068036	11.87976079	11.91495585	11.89840611	11.92049832	11.98473859	11.87413727
sub_172	0.7229710606382226	0.7884575697540036	26.147938	4.161573548496147	0.1337966338390258	11.192418061868418	0.009053663	0.0	11.41514941	11.28942575	11.16229919	11.46448114	11.15060577	11.1318561	11.05140923	11.11907899	11.01682172
sub_173	0.39805773721078325	0.5421510357486233	26.837372	2.13565019286521	0.1626211795048072	8.586571459407436	0.05346284	0.0	8.9292203715	8.7567611725	8.667611047	8.598224027	8.5431308575	8.4623354215	8.408309495	8.4839842115	8.397681986
sub_174	0.2629484185947782	0.4255240537474636	25.963434	14.462731134783628	0.18481988797789142	8.812248584164397	0.14304766	0.0	8.145074079	8.521834029	8.681271493	8.830353628	8.877258097	8.830353628	9.029376359	8.896407305	8.937460935
sub_175	0.08257270218637232	0.32961862308073303	26.783361	2.1313521824934933	0.12565756140566517	9.19230057663129	0.5563061	0.0	9.3634121825	9.3562548645	9.3009123855	9.244528882	9.199999626	9.084060373	9.139490242	9.0875284455	9.16007422
sub_176	0.37953725323710463	0.5310613981985948	26.899334	2.56869717878164	0.2589527785620672	10.241861601129909	0.060485695	0.0	10.6865467	10.48362418	10.38601187	10.32239141	10.21096535	10.11817737	10.01864677	9.914715078	10.07493805
sub_177	0.06624566617137197	0.32961862308073303	26.291592	2.092218385970933	0.17568006551026394	9.19107477227972	0.6202669	0.0	9.40377492	9.373844842	9.410487352	9.120834814	9.113263151	9.039928609	9.078392641	9.062547978	9.038779092
sub_178	0.10017335314512135	0.3312511721173127	25.662367	4.901151045997367	0.06736285313282545	11.13835211607163	0.4930573	0.0	11.11813943	11.2686636575	11.207017025	11.1922966125	11.1557647075	11.1227897575	11.0769582375	11.07586249	11.06048842
sub_179	0.05876317837684851	0.32961862308073303	26.27373	15.471897413081104	0.2522270682223081	11.3834813776618	0.6487081	0.0	11.10530437	11.02274336	11.17665957	11.36736288	11.47405756	11.52933151	11.63216808	11.55113335	11.5666676
sub_180	0.6069659661784476	0.7120686808651148	26.907381	2.141221350498217	0.10776128403051864	9.448088343119306	0.01611012	0.0	9.650356163	9.7343420025	9.4671412295	9.4585391495	9.41993543575	9.38493607	9.42503929375	9.3140581845	9.334883116
sub_181	0.15258614589966746	0.3616411804393693	24.243454	16.205555261519667	0.04521284537121483	11.245732385319242	0.34389812	0.0	11.27448709	11.082157175	11.20053021	11.206634135	11.262961905	11.26577791	11.278054725	11.321156845	11.288352165
sub_182	0.031663482629307294	0.32961862308073303	26.484848	17.703816815211525	0.09326940172958212	12.60540249662826	0.77353764	0.0	12.55164707	12.54079419	12.51395163	12.55003187	12.57402155	12.65024867	12.68751596	12.69429686	12.73082835
sub_183	0.2837154178164579	0.4401976327977002	26.112478	15.37694096617437	0.17226086660115886	10.549878185167236	0.12141935	0.0	9.920562129	10.38624257	10.39574443	10.48718949	10.55866059	10.67977465	10.68785261	10.73456975	10.69592345
sub_184	0.06178801386825161	0.32961862308073303	24.686165	11.786775488420965	0.193526846964453	11.017352908693562	0.63868445	0.0	10.41461063	10.82588201	10.99115111	11.25911414	11.1887851	11.12885986	11.10986884	11.04669662	11.0080177
sub_185	0.18394891388947854	0.37411231811306106	25.71527	14.324492659442015	0.06784716529091167	11.817848902304263	0.26872092	0.0	11.572195845	11.741127205	11.781271025	11.81839934	11.85036171	11.83036311	11.92005898	11.846033575	11.858063805
sub_186	0.7054588551616784	0.7806732183958279	27.321203	2.608982727336642	0.6764354440454239	8.798785678239158	0.009805955	0.0	9.9572469605	9.684503215	9.2149230075	8.807957849	8.7118004615	8.4827965515	8.348346854	8.0530636225	8.141640837
sub_187	0.23489351163942546	0.41106364536899453	26.806002	16.211969143070668	0.6170226318700531	8.018781189031792	0.17856699	0.0	6.83722679	7.388660434	7.537583939	7.789254651	8.089425298	8.397162467	8.55695865	8.732641429	8.481204574
sub_188	0.1025260029717682	0.3312511721173127	24.760132	14.580580281196898	0.0908698223035993	12.502651237575202	0.4868147	0.0	12.42454008	12.1855237	12.43010908	12.47805896	12.49648348	12.52488733	12.58768977	12.60238859	12.4815488
sub_189	0.09794452699356117	0.3312511721173127	25.977133	2.4806334552213203	0.17766361326323654	8.818470994955518	0.50042367	0.0	9.204543767	8.912014227	9.157467217	8.900146594	8.766230994	8.755137436	8.669347148	8.64842806	8.80598515
sub_190	0.282530248354914	0.4401976327977002	25.615881	15.084508086462073	0.08592655872388481	9.510608865016613	0.122818045	0.0	9.2265400385	9.423514591	9.519521308	9.4800011455	9.484327987	9.547602149	9.5943780675	9.6202047155	9.5573633575
sub_191	0.22229887497346634	0.3982854843274606	26.68706	2.123688710244739	0.09163482197462386	10.904594981432671	0.19945903	0.0	11.0742695	11.01812121	10.98743301	10.90686335	10.85828617	10.87837004	10.83387068	10.8231868	10.83882745
sub_192	0.5051829052571994	0.6309545829145935	26.33853	2.0959535887550405	0.17268101480433365	11.890363776475793	0.027905326	0.0	12.28048113	12.45342022	12.00572528	11.95775396	11.8112284	11.82963142	11.84064769	11.76988375	11.65047289
sub_193	0.13293355975376778	0.34793914335551396	25.79003	4.10461068151013	0.16311061973069615	12.954302909473983	0.39486507	0.0	12.94174105	13.18771352	13.12160863	13.07848763	12.90788698	12.84249419	12.87946829	12.81216239	12.79224542
sub_194	0.6023668011037996	0.7120686808651148	26.525316	16.88654078567043	0.11442838891944204	9.68586907994086	0.016487177	0.0	9.396776977	9.61261889	9.57189453	9.673244998	9.630855929	9.675991056	9.749361654	9.853865251	9.819677695
sub_195	0.0687221396731055	0.32961862308073303	26.682562	2.9726631316651226	0.1886033301059869	9.677662222639922	0.60996526	0.0	9.832393145	9.915268168	9.859327026	9.723845308	9.661839193	9.610416487	9.541868292	9.502705059	9.591336302
sub_196	0.5698542418453265	0.6861045071817731	26.981258	17.176802575918554	0.1198688385624157	8.859623837920848	0.019728879	0.0	8.620354037	8.728344786	8.747511834	8.790370078	8.847599488	8.810812107	8.82750147	9.038516696	8.946441667
sub_197	0.383234274393264	0.5315830257713017	24.810854	14.215572179162958	0.12485698911175745	9.143032827701337	0.059161037	0.0	8.64930786	8.978606752	9.049596551	9.189349558	9.225377667	9.24024798	9.251480317	9.1869199	9.382846205
sub_198	0.09339842920823604	0.32961862308073303	24.570166	22.289640885595826	0.10328718567494705	10.769346591725366	0.5167923	0.0	11.138664	10.73587019	10.72070168	10.69507623	10.5931697	10.77612407	10.78383255	10.78637271	10.88381081
sub_199	0.8482629307294983	0.8655157361002678	26.278269	3.764084739893578	0.0472745432461177	6.702307570970993	0.004555409	0.0	6.902685654	6.739628048	6.732195068	6.748011546	6.707646438	6.671103319	6.674696243	6.593883332	6.557244551
sub_200	0.19279346210995543	0.38215581012638006	26.87899	2.5667544908433104	0.1982826227645872	8.786924130864254	0.25107786	0.0	8.967987907	9.037065335	8.971279649	8.77630733	8.754006472	8.707471726	8.648595499	8.61375821	8.629687953
sub_201	0.3339170735158848	0.49028799574771376	26.216646	15.855533565929413	0.10934951775262693	8.853640085089243	0.08352741	0.0	8.621612281	8.835790949	8.729308653	8.846362742	8.871863697	8.9133435	9.017480776	8.896001163	8.975266386
sub_202	0.17662562796292366	0.3662982280579394	26.755138	16.18120761029433	0.20446738025937894	7.474033266373824	0.28363398	0.0	7.152364667	7.287634946	7.455020521	7.334154714	7.490978482	7.727730763	7.662493383	7.752058069	7.668225941
sub_203	0.4871400268874266	0.6186883885785459	26.756514	3.832588258778004	0.10722283046262124	10.20378269956247	0.030994091	0.0	10.33004922	10.28814678	10.3246692975	10.2303109535	10.2308128185	10.144570697	10.1611374715	10.0987274345	10.078769234
sub_204	0.16051086110521476	0.36217452062548644	26.355844	17.198118017785557	0.13715419851563182	10.647544177149209	0.32132864	0.0	10.53278893	10.56811809	10.44263635	10.61113302	10.62769632	10.74034655	10.76940236	10.74194482	10.83061852
sub_205	0.39726172787094033	0.5421510357486233	26.194143	14.591245849258845	0.47392823168252923	8.126123418376817	0.053804852	0.0	7.045220777	7.502106907	7.98823436	8.231580474	8.262785215	8.231580474	8.573249614	8.386274125	8.468975784
sub_206	0.17467982735441873	0.3662982280579394	25.83054	16.855338113742903	0.0863138458074516	14.039466371523789	0.2896033	0.0	13.99047997	13.79140922	13.97412975	13.97513816	14.0311294	14.07309308	14.10375284	14.17767192	14.13795579
sub_207	0.10171230453548433	0.3312511721173127	26.408112	3.7826833450035227	0.2677549359543735	10.386891272500055	0.48905808	0.0	10.723170699	10.5223055116667	10.7099742923333	10.5799551193333	10.382260743	10.287290159	10.1811982646667	10.134326642	10.1325070633333
sub_208	0.027241208519068846	0.32961862308073303	26.459917	17.687151700051828	0.06987155317740627	10.290684143457442	0.79790807	0.0	10.21067697	10.24306468	10.24163	10.26953794	10.24801016	10.27202456	10.36153396	10.42375368	10.31511183
sub_209	0.01836128210571004	0.32961862308073303	24.29465	23.586342342624757	0.2675857775197019	8.225280863419886	0.8420363	0.0	8.789989617	8.4671729	8.345682473	7.968457922	7.959554713	8.049953569	8.216309528	8.228498926	8.311720913
sub_210	0.11335172999363193	0.3312511721173127	26.494284	15.601775979729789	0.14938128268694065	10.662300528003689	0.45603457	0.0	10.47118161	10.48032269	10.61656657	10.60766908	10.71311665	10.73863321	10.77998459	10.85238337	10.6702799
sub_211	0.7797176820208024	0.8234913062746019	26.298399	3.348416153380969	0.13677379074831283	11.165194624852141	0.0067312475	0.0	11.367298295	11.209013825	11.329531	11.15550381	11.14611601	11.1502753	11.02938633	11.10812443	10.980123735
sub_212	0.21515248001132103	0.3942005493268495	25.156416	14.01318781527099	0.16138368657492602	10.565724342535278	0.21057178	0.0	9.3863620995	10.322976426	10.487160343	10.5366968455	10.558049603	10.721005488	10.7082157945	10.667507071	10.7791755955
sub_213	0.09242552890398359	0.32961862308073303	24.468481	11.293411162656946	0.24964146682972316	9.638540923228351	0.51939976	0.0	8.67630342	9.416626784	9.694294737	10.06820706	9.874539396	9.837116113	9.722574361	9.704624531	9.62973661
sub_214	0.062371754050803085	0.32961862308073303	24.805	22.10789510700231	0.27228856659441864	9.48686240396775	0.6360588	0.0	10.26459554	9.648226092	9.382826893	9.035004822	9.338850586	9.531005418	9.579644836	9.599512151	9.702126694
sub_215	0.05381023137338145	0.32961862308073303	25.656282	12.65830492479532	0.25665620610648776	10.505985642110465	0.67083585	0.0	10.1328465063333	10.175271174	10.5910944766667	10.69034329	10.7101477433333	10.69088356	10.64847046	10.62436126	10.4803351033333
sub_216	0.09382296752281893	0.32961862308073303	24.447552	2.723664092725654	0.03945943998966156	11.018912085214216	0.5151174	0.0	11.05126974	11.24846672	11.04361282	11.03507846	11.01921801	10.98429273	10.98846561	10.96624193	10.96489856
sub_217	0.035961933064459065	0.32961862308073303	26.583868	4.654049403252931	0.6834820355794434	12.378467259814924	0.7504978	0.0	12.59056662	12.97397979	13.18476933	12.91521169	12.54819866	12.23312252	11.9276009	11.71608453	11.69272916
sub_218	0.07592160192457369	0.32961862308073303	25.183783	5.611372876148213	0.24547451381504026	11.591885977100478	0.58436984	0.0	11.25011242	11.81237326	12.16774444	11.76229368	11.59236773	11.52832786	11.38257441	11.36660518	11.34110904
sub_219	0.09316847095450365	0.32961862308073303	24.275196	10.817848859807269	0.04492617940770825	13.541825250981502	0.51723605	0.0	13.16933648	13.56948722	13.57656467	13.57717202	13.5857486	13.57012375	13.53458536	13.53000219	13.48706209
sub_220	0.7445871364890682	0.7999132793620746	26.806116	2.1331629415334543	0.1060545015276066	10.086248706517157	0.00815142	0.0	10.41457385	10.19491737	10.1536921	10.04048411	10.05763974	10.02494036	9.991776753	9.920681837	9.925514812
sub_221	0.6177032477181066	0.715110298319808	26.346914	15.934318249829298	0.06735968164877787	10.644960128552212	0.0152167855	0.0	10.4340156845	10.5992258415	10.556021761	10.6481396115	10.6238466015	10.696489494	10.6929583215	10.706519311	10.7313027625
sub_222	0.03293709757305597	0.32961862308073303	26.110888	1.662270727405081	0.46906078322742223	9.116879723227402	0.76702327	0.0	9.790949789	9.579996663	9.6431923065	9.0600833965	8.872253857	8.8198382235	8.796456369	8.79612192	9.031518425
sub_223	0.5299653293709757	0.6564591116899741	26.03352	2.0716816767385016	0.0333655060049155	11.95530613665426	0.024380945	0.0	12.08815767	11.98464046	11.99735326	11.96772383	11.94019808	11.92702373	11.95656467	11.91572063	11.91935666
sub_224	0.06490129484185948	0.32961862308073303	25.738916	24.988502224002644	0.4287556911768814	10.145614303063923	0.6254679	0.0	11.73709353	10.66216906	9.92418133	9.674569063	9.772954784	9.871269506	10.00725598	10.01217533	10.15003127
sub_225	0.4370621948630864	0.5744791294925283	25.4881	17.848851298420904	0.1802733358631854	10.26737712930856	0.042092253	0.0	10.37268325	10.03028756	10.06201541	10.15829467	10.29413232	10.33348754	10.32991929	10.36281731	10.50185684
sub_226	0.032388735583386404	0.32961862308073303	24.438948	11.668737980568583	0.140890508628931	10.33650048818188	0.76907796	0.0	9.895529104	10.08248294	10.30210277	10.4249996	10.46462217	10.35900065	10.35027286	10.30210277	10.28863168
sub_227	0.168453265407203	0.36217452062548644	26.376675	2.098989076604176	0.22952566352496545	9.134490698035364	0.30270627	0.0	9.484619405	9.391734847	9.340882086	9.039741376	8.940732567	8.954000465	8.926227897	8.922713772	8.845603969
sub_228	0.4182233071534706	0.5570142276690029	26.757261	1.27756511871473	0.17876716946906995	8.776218189351482	0.047136802	0.0	9.3778431605	9.0169904525	8.80517171	8.667840987	8.694076516	8.6134820575	8.673529278	8.5648375405	8.55565773
sub_229	0.10744357178235336	0.3312511721173127	26.387915	1.259930116692891	0.11275348049851891	10.040793936630758	0.4709204	0.0	10.3468366316667	10.1935894176667	10.1095513913333	10.0435549433333	9.994575529	9.93472958466667	9.94388405133333	9.98079769466667	9.98741577333333
sub_230	0.4958253732399349	0.6244495286410895	25.952429	1.2391371994755933	0.0324448465994807	10.428025810275765	0.029440343	0.0	10.93487608	10.58315561	10.4205654	10.40618009	10.41106058	10.39858377	10.40966444	10.37770517	10.26716581
sub_231	0.6383641123611405	0.7333877779416157	26.946238	3.4309015248423567	0.09144314792922822	8.953452781458372	0.013718978	0.0	9.061577435	9.040373119	8.959505165	8.973898279	8.968402361	8.91353783	8.864033735	8.784396451	8.882042875
sub_232	0.013178376848510578	0.32961862308073303	25.639555	7.753257635331415	0.32517111178432817	5.382469319357815	0.8732945	0.0	5.219651774	5.334363018	5.885401961	5.702116169	5.536131547	5.534889368	5.316479706	5.166219541	4.998287238
sub_233	0.03313167763390646	0.32961862308073303	26.52178	16.040075077553997	0.14995220693046704	10.372268774012309	0.7652337	0.0	10.25366142	10.2187584	10.30709848	10.34665822	10.38880991	10.4659318	10.58153305	10.48336549	10.48428857
sub_234	0.40755678199957546	0.5503791756094876	26.498234	16.025834588480464	0.40931128314061205	7.9367801082240765	0.050379105	0.0	7.343661012	7.5100070335	7.5445672415	7.931902905	8.064860843	8.218196649	8.216097709	8.3046637535	8.4113985635
sub_235	0.11299794806481285	0.3312511721173127	26.598234	3.3865923573818937	0.27885062709441544	12.476351865428903	0.4569321	0.0	12.88942402	12.66039643	12.75228013	12.67575127	12.41654448	12.31258583	12.21752999	12.1989698	12.18337532
sub_236	0.25910988466709123	0.42157878532321325	26.435072	2.103636185533471	0.1199949446313745	11.159564358114036	0.14671648	0.0	11.4974712	11.27570007	11.2478644	11.18862901	11.12341162	11.05958283	11.04119162	11.04208249	11.05507903
sub_237	0.36356399915092336	0.5161922818133393	25.62607	4.89421885933575	0.09986850968926152	8.914944016038985	0.06764877	0.0	8.96835993	8.91320291	9.043114271	8.957698445	8.874528416	8.874528416	8.845240883	8.844228897	8.725007862
sub_238	0.18593009269086536	0.3756037442949696	26.341381	1.2577083016904802	0.1359426193765793	9.575731193222195	0.26448742	0.0	10.21820568	9.860347447	9.683613343	9.57413763	9.501358022	9.536879917	9.476243458	9.488016789	9.460180445
sub_239	0.20549423335456024	0.385772275186966	27.000856	15.470351149322202	0.17337341261854805	8.87891877490025	0.22739798	0.0	8.625945046	8.703224799	8.793395084	8.906361293	8.92268832	8.997371538	9.050977013	9.060382712	8.982950433
sub_240	0.023880280195287623	0.32961862308073303	26.370117	15.108964201091426	0.1535217047601247	10.909970244628228	0.81580263	0.0	10.71395159	10.7589795	10.80561873	10.88371252	10.99834196	11.01122675	11.05985503	11.00210555	10.9985874
sub_241	0.2543515177244746	0.4197609126343217	26.443575	1.6834502636857978	0.09610496694633247	9.072668129816837	0.15260214	0.0	9.30289360633333	9.173409508	9.11144238166667	9.09158825133333	9.02015715133333	8.99354034933333	8.979796304	9.02332765	8.97910515866667
sub_242	0.03447604896341895	0.32961862308073303	25.614847	12.230188637262524	0.29947561397039923	9.854405646739865	0.7590643	0.0	9.349508203	9.465393621	9.844726818	10.10110183	10.10899114	10.04586182	10.03470868	9.919041137	9.767444358
sub_243	0.16277506544965684	0.36217452062548644	26.825888	1.70778905084341	0.08326211527168995	9.369135313635889	0.3153036	0.0	9.51373693033333	9.46842557533333	9.41981181133333	9.35609956933333	9.35266614066667	9.29593539966667	9.31825081666667	9.30080755666667	9.32959352166667
sub_244	0.3962888275666879	0.5421510357486233	25.96134	2.892312907694678	0.13772013813196352	9.737136153757344	0.05425851	0.0	10.21679252	9.744220106	9.933973992	9.721900364	9.783029799	9.691756738	9.599481083	9.555806458	9.570559127
sub_245	0.05957687681313239	0.32961862308073303	26.332613	1.6763862088386037	0.7790932032170006	11.750455626433926	0.64676076	0.0	12.74365996	12.54563502	12.41283954	11.54231395	11.35803743	11.32836198	11.26897543	11.18026651	11.3202058
sub_246	0.08775560744357178	0.32961862308073303	26.726112	2.126796446317095	0.3626945066425856	9.564390866771019	0.5365689	0.0	9.93433991	9.923628871	9.892480367	9.357838761	9.357838761	9.290568441	9.208826787	9.12206537	9.212008062
sub_247	0.16604754829123328	0.36217452062548644	26.71986	3.827338028966799	0.3326151138116874	9.024510821657174	0.30781025	0.0	9.231267692	9.416252369	9.332062117	9.183934354	9.072392168	8.845796797	8.822309557	8.547287286	8.686178967
sub_248	0.032583315644236895	0.32961862308073303	25.600616	0.4074464655025399	0.37371688897130717	7.545633817422581	0.76858544	0.0	8.561247984	7.992890274	7.783251011	7.321599608	7.181297719	7.305633197	7.340696736	7.370371467	7.54861667
sub_249	0.04569093610698365	0.32961862308073303	25.380602	13.33017921944446	0.12520651219395443	10.324044319727863	0.706074	0.0	9.9408725685	10.1939608195	10.239714415	10.3252988395	10.438942803	10.419804643	10.4152807985	10.375362574	10.337806958
sub_250	0.1446083634047973	0.3604546490876357	26.726856	1.7014845130319214	0.04521640482556957	10.275762229689818	0.3639912	0.0	10.3514284416667	10.3252661626667	10.2913522983333	10.2902077033333	10.2637254096667	10.2321294433333	10.2480441953333	10.2346559076667	10.2644779393333
sub_251	0.7464444916153683	0.7999132793620746	26.455566	15.578976413647135	0.2651973374708321	5.954864955640639	0.008067393	0.0	5.564530973	5.574257204	5.856581321	6.088722074	6.019393965	6.024770202	6.164097439	6.300618345	6.234114447
sub_252	0.12458430623363759	0.33975543150877474	26.757795	16.182814495776665	0.32785033206168945	12.205738007252318	0.42269155	0.0	11.8100758	11.76375045	12.00424262	12.12321464	12.24464923	12.41532141	12.47763689	12.48883481	12.46111881
sub_253	0.8361105214745631	0.8618810512460393	27.125986	3.022064341755613	0.0396223421194189	13.171891730884207	0.0048629735	0.0	13.24211742	13.23608691	13.17611313	13.1940486	13.16896957	13.16896957	13.13263266	13.14398725	13.12381917
sub_254	0.25	0.4197609126343217	25.127806	1.9996072438868038	0.08948471796782421	9.020592220409947	0.15736316	0.0	9.650487219	9.046705098	9.115020447	9.003549021	8.99629258	8.937859498	8.956827246	8.858731727	8.89490512
sub_255	0.1269900233496073	0.3412856877520696	26.703108	2.54995896460506	0.1808670601181488	10.343565248134558	0.41328135	0.0	10.57321525	10.60262355	10.50913428	10.42884417	10.31079637	10.19890364	10.24254882	10.25042001	10.19505893
sub_256	0.12097573055968301	0.33975543150877474	26.477964	15.17075610288983	0.1312518580936764	9.976369811799922	0.43333617	0.0	9.6701640725	9.8382472635	9.874535803	9.929639262	10.039889741	10.0572290545	10.0960282415	10.0570623725	10.0670106685
sub_257	0.346476331988962	0.49899222932381604	26.292107	15.482719316584054	0.15441134086633707	10.000908760063211	0.07609253	0.0	9.627427338	9.888699452	9.812422339	9.93286071	10.093496	10.07667851	10.12666514	10.14396623	10.15687994
sub_258	0.16682586853463524	0.36217452062548644	25.801832	16.42595654125546	0.13199907559512414	12.938051515275163	0.30591002	0.0	12.83426526	12.51521178	12.87878271	12.86816298	12.90383691	12.97372475	13.06934111	13.08222137	13.11682557
sub_259	0.04791976225854384	0.32961862308073303	25.455992	13.77491951957635	0.5492584864423191	11.464531747108607	0.69556606	0.0	10.39535078	10.83537108	11.03238724	11.73749024	11.8854557	11.89601232	11.93301577	11.73843036	11.68760824
sub_260	0.010595768768131324	0.32961862308073303	25.977184	17.364468610702655	0.35756853702576585	10.541912557583505	0.8882786	0.0	10.4217345	10.14942249	10.17879323	10.28055498	10.40224534	10.71807365	10.78628127	10.89028003	10.82232063
sub_261	0.10760277365032195	0.3312511721173127	24.998575	8.355158311535572	0.31961476419022505	9.474943574001069	0.47053063	0.0	8.67691446	9.667451146	9.747541327	9.77619704	9.552492698	9.462452783	9.377252381	9.260704956	9.15058764
sub_262	0.280637515035732	0.4399577709674756	25.30639	18.929894753706847	0.10607960173423436	10.28005474951626	0.124625646	0.0	10.4528501	10.19491737	10.18328225	10.16677348	10.32971907	10.34959558	10.35928286	10.36824202	10.44468053
sub_263	0.8873558338640062	0.9023449526792765	26.38331	15.956330158496867	0.06110531678541123	10.33042468567312	0.0035236643	0.0	10.19901432	10.21052964	10.32919507	10.29785496	10.34593264	10.34201721	10.37756128	10.39807029	10.41482178
sub_264	0.7023101959951885	0.7800567121570176	25.91072	2.886673508882763	0.05886722940656639	11.342247647496327	0.009952954	0.0	11.66623257	11.37378486	11.42377713	11.36239951	11.34023175	11.29681564	11.34023175	11.26403473	11.18645666
sub_265	0.11761480223590179	0.33810054482417035	26.11812	15.380263352325043	0.11513220902602955	10.699308840229444	0.4417996	0.0	10.576967284	10.510116102	10.6696030725	10.695200303	10.7026805775	10.736793682	10.862890055	10.773479339	10.731897948
sub_266	0.07781433524375575	0.32961862308073303	26.852577	2.564232238586608	0.1031037160720974	8.6316053612907	0.57385945	0.0	8.720188779	8.783618646	8.698630569	8.643887985	8.622935889	8.6039885	8.497707104	8.553025786	8.584664813
sub_267	0.19618976862661855	0.38215581012638006	25.626024	14.274779507023032	0.10991538481760979	10.807185130666708	0.24487156	0.0	10.42688806	10.57387165	10.71787727	10.84054919	10.8719785	10.8654682	10.89436653	10.86815151	10.8995904
sub_268	0.32478949975235266	0.48158443066728157	26.45487	2.526254019002425	0.2524190563963929	7.615724560852371	0.08954623	0.0	8.200170585	7.766916944	7.865932396	7.6317112325	7.564522792	7.4455457865	7.34749555	7.4377913255	7.3587769085
sub_269	0.22077761267954432	0.3979285114763044	25.858467	14.40426001024689	0.13142733799693657	11.930129297694196	0.20102884	0.0	11.50482803	11.78760771	11.87095815	11.96958288	11.94305092	12.00356134	12.05180031	12.05478042	11.94305092
sub_270	0.6141477393334749	0.7137392646307951	27.08723	2.586639994662075	0.37479870213021205	5.863704247418711	0.015569579	0.0	6.555559992	6.242200855	5.920447152	6.132702431	5.660871634	5.583440615	5.543195941	5.540169444	5.409210062
sub_271	0.02950541286351093	0.32961862308073303	24.680143	11.39110375298879	0.08126069784651029	12.691446629959021	0.7846625	0.0	12.46716148	12.59792286	12.67320963	12.74386463	12.75543642	12.76598545	12.6815045	12.67042875	12.64272985
sub_272	0.1120250477605604	0.3312511721173127	26.610416	16.093681377087094	0.14971231067289167	11.963855932045593	0.45921555	0.0	11.72777628	11.86235949	11.80270766	11.9286073	11.98355638	12.0321239	12.07987965	12.12107203	12.01974704
sub_273	0.062460199533007854	0.32961862308073303	26.780716	16.62290495490359	0.16205514797746604	8.578132067218657	0.6356967	0.0	8.394713628	8.415524547	8.460467056	8.475366958	8.55247651966667	8.73310101833333	8.68471272433333	8.75044135533333	8.73974788133333
sub_274	0.16840019811788015	0.36217452062548644	24.992243	15.910555930637633	0.10870218480493887	11.124591710410591	0.30277154	0.0	11.09968429	10.67402177	11.0170653	11.02930637	11.17777758	11.17967271	11.20300548	11.27594374	11.27508302
sub_275	0.2322401471732824	0.4105406532676416	25.350687	4.841624581342873	0.11925414141238988	11.395958897098202	0.18328598	0.0	11.2886209	11.65407568	11.48703077	11.52609827	11.37093315	11.34395191	11.31165195	11.28492834	11.23419696
sub_276	0.14453760701903348	0.3604546490876357	26.85835	4.702103214336755	0.09333313362261608	8.41903913252864	0.3645018	0.0	8.517524705	8.48982757	8.4641303975	8.4705828745	8.48927588	8.405043207	8.337068447	8.3114380435	8.3023663765
sub_277	0.12315148942192033	0.33975543150877474	26.222605	14.189754367664273	0.06440485402074	11.145722835943198	0.4259468	0.0	10.94573576	11.02116385	11.11317592	11.14873587	11.17118887	11.20752832	11.19573398	11.18360084	11.16720043
sub_278	0.5618233920611335	0.681890487945166	25.622395	15.08834376891797	0.05840657239775819	8.706444593174439	0.020638004	0.0	8.498593777	8.650879083	8.682958493	8.76579168	8.693513994	8.741805975	8.755465907	8.809878673	8.78312678
sub_279	0.5847661501450506	0.7012534310504392	26.576414	3.806790907490433	0.04783946669658174	12.61837063999374	0.018097252	0.0	12.70450826	12.6699318	12.65657886	12.65321282	12.63310215	12.56892393	12.58821054	12.57324859	12.51249893
sub_280	0.1959067430835633	0.38215581012638006	26.098951	14.538219903310424	0.1200217789922806	9.302104908409405	0.24534562	0.0	8.99366104225	9.17961591975	9.280676921	9.32259518675	9.35734141275	9.36046877425	9.414116381	9.42327265475	9.3337863195
sub_281	0.1506049670982806	0.3604546490876357	23.807558	2.652363383703135	0.0787838273626669	11.271261923228332	0.34858125	0.0	11.33232678	11.647071635	11.344183755	11.2954433	11.24289302	11.265521725	11.232917765	11.224302715	11.180011435
sub_282	0.472440387744994	0.6103199858851639	26.21438	2.5032889194906858	0.12211706966719549	9.884187710363651	0.03391619	0.0	10.46464631	10.00480336	9.953135546	9.770420463	9.86696525	9.905081688	9.762602471	9.570679258	9.71752987
sub_283	0.7142680251892733	0.7846521006641287	23.686981	9.801740377237392	0.007795636479225148	10.382823695328728	0.009434204	0.0	10.26932292	10.38797824	10.50928513	10.31666939	10.38797824	10.38797824	10.4266052	10.35510715	10.41222546
sub_284	0.4843451496497559	0.6186883885785459	23.145868	21.365920243458813	0.04374440619124301	8.285928032997115	0.03158673	0.0	8.10446869	8.315895422	8.557698069	8.250663501	8.242252681	8.247491697	8.469149599	8.329640659	8.363634106
sub_285	0.545549423335456	0.6675218553820009	23.505522	19.453303897730294	0.05062626025256641	10.32472016306608	0.022452097	0.0	10.34843941	10.34520082	10.3661004	10.19833035	10.34071955	10.37670199	10.34071955	10.24351103	10.34062561
sub_286	0.13645368994551757	0.3510475271247931	23.885445	6.082378532129601	0.012069562459007366	9.59172662212412	0.3851929	0.0	9.737908563	9.259794183	9.75262496	9.603446262	9.539522026	9.515518859	9.598218226	9.588966112	9.542854238
sub_287	0.8426024198683931	0.8655157361002678	24.66371	13.346194434515533	0.05553081002176306	10.071295666761513	0.004701091	0.0	10.01760858	10.20852886	10.13944611	10.01578755	10.10840446	10.10840446	10.10167726	10.12865063	10.02625078
sub_288	0.24425104365669	0.4197609126343217	23.85583	19.74322035361398	0.021925414117450748	6.804528285962069	0.16437332	0.0	6.487810268	7.018916923	6.834322937	6.825915686	6.7160587	6.797901894	6.816633679	6.884961297	6.816633679
sub_289	0.8276728224722281	0.8590244056038085	23.464014	15.311096667606805	0.01576449851220622	13.518658089796192	0.005103567	0.0	13.57703765	13.41188172	13.50299362	13.62835643	13.42916429	13.52724207	13.53880854	13.56595799	13.49666346
sub_290	0.4250336092832378	0.5635908211200642	24.450073	20.624155081901034	0.037793058696683604	8.904374363263589	0.045313817	0.0	8.98562977	8.668378408	8.90403308	8.868997916	8.902444308	8.857138419	8.871451339	8.822730698	9.019965129
sub_291	0.30223590179013654	0.4571507861247794	24.11526	9.978963022424146	0.009088487935750369	12.252010994905934	0.105083406	0.0	11.90991025	12.48780898	12.25212904	12.28151413	12.22185166	12.25212904	12.2553192	12.26867718	12.20362166
sub_292	0.1700983513762117	0.36311775719318956	24.258661	20.076606440461752	0.09713235936622351	12.005407129051479	0.29938895	0.0	12.11701985	11.84264528	12.00527998	12.04903089	12.0234216	11.98023915	11.97927329	12.04015785	12.05763669
sub_293	0.4684072737564565	0.6077180577616095	24.397863	13.59064195681769	0.13178177522556178	9.65591838099027	0.034725174	0.0	9.416938723	9.844240185	9.679216009	9.677994998	9.624501117	9.726188742	9.65774559	9.679216009	9.7377494
sub_294	0.5669178518361282	0.6853103349505003	24.28673	5.798029651824155	0.1023449025096792	8.494949875116914	0.0200776	0.0	8.405223559	8.536115614	8.358894097	8.682412182	8.386413529	8.411583024	8.481145838	8.515523312	8.444025663
sub_295	0.34419443854807896	0.49899222932381604	24.19908	5.777104684282905	0.004798172939145831	11.338585567717471	0.07742255	0.0	11.186814	11.49030974	11.37685937	11.28977877	11.34077714	11.33981595	11.3556939	11.32899982	11.32624615
sub_296	0.3313521545319465	0.48890685546135243	24.206736	5.39367028004448	0.07441169414937662	13.37330175882429	0.08506263	0.0	13.51938206	13.27623924	13.38297554	13.41152893	13.38297554	13.38625434	13.36320962	13.40364912	13.34418803
sub_297	0.6001202858557985	0.7120686808651148	24.427132	8.552937245830378	0.005679442251412149	13.702031961313283	0.01670237	0.0	13.81779215	13.59076245	13.70424198	13.75001921	13.70424198	13.6852242	13.70424198	13.72368078	13.66972894
sub_298	0.7462322224580769	0.7999132793620746	23.757074	23.064440484747344	0.005004148731987801	13.829561999512359	0.008077786	0.0	13.838280415	13.84763937	13.76242273	13.807850545	13.876480565	13.82512285	13.768093705	13.82917539	13.84286821
sub_299	0.11326328451142716	0.3312511721173127	23.926346	20.563179524312226	0.18986437906152512	11.142192236996681	0.45647877	0.0	11.66228714	10.83216502	11.07480882	11.1212416	11.16826649	11.18267006	11.11931092	11.16233353	11.12753572
sub_300	0.7428182268449728	0.7999132793620746	23.961475	11.822120472763531	0.052413086111568995	11.236778901896688	0.008231394	0.0	11.27045212	11.13785076	11.21256064	11.25837852	11.24354913	11.23551848	11.17078059	11.27137676	11.23551848
sub_301	0.807047336022076	0.8464154987548602	23.776573	4.919406897036562	0.01651367130775742	8.746334604889787	0.0057809674	0.0	8.660498459	8.778024064	8.805680401	8.776601196	8.648706641	8.732515546	8.792176089	8.732515546	8.704804319
