ID	ZT0_REP1	ZT1_REP1	ZT4_REP1	ZT7_REP1	ZT10_REP1	ZT13_REP1	ZT16_REP1	ZT19_REP1	ZT22_REP1
sub_1	11.42738484	11.40043537	11.34734627	11.54597559	11.75554013	11.89321161	11.9215899	11.91534717	11.83718341
sub_2	11.241442585	11.219491315	11.219605945	11.37362436	11.467299075	11.55934967	11.592488085	11.49915975	11.47190462
sub_3	7.396945367	7.211065759	7.158120508	7.102441236	7.275118851	7.570002085	7.802918982	7.872567732	7.883773181
sub_4	8.943540434	8.871100839	8.823428676	8.773019617	8.838342661	8.954855366	9.015515003	9.092220837	9.006435391
sub_5	9.796704279	9.728265855	9.684285331	9.887839555	10.04777753	10.1746724	10.38659822	10.35300177	10.24970984
sub_6	8.3124920805	8.085888621	8.18176447133333	7.99966303016667	8.05001844883333	7.96382752983333	7.9952460555	7.94170454066667	7.931120505
sub_7	14.19246424	14.37623589	14.29356384	14.24703473	14.28770809	14.24599971	14.2370784	14.22143708	14.21027476
sub_8	12.94987968	12.71749983	12.93271711	12.88387828	12.94366991	12.94639249	12.96014624	12.96383437	12.96952102
sub_9	8.909520731	9.586117056	9.493813108	9.209917901	9.055778719	8.749778124	8.779086492	8.642319289	8.622482169
sub_10	5.718567744	5.778089416	5.91206202	5.619268518	5.95593188	6.271367139	6.137544947	6.45849868	6.487286339
sub_11	12.80195679	12.3267058	11.03672184	11.00190088	10.86742188	10.72897422	10.7377331	10.61029086	10.72388604
sub_12	10.49439564	10.55063165	10.74946855	10.78601305	10.75712686	10.88397708	10.80512395	10.88567765	10.81604319
sub_13	12.37641638	12.51404543	12.598847685	12.427476355	12.34033338	12.31047147	12.284757265	12.22806266	12.23523153
sub_14	11.70182576	11.77788123	11.76386585	11.67083061	11.65291063	11.66008741	11.57336559	11.63533943	11.56303735
sub_15	11.32473937	11.48971378	11.4474666	11.12065873	11.08109042	11.0265108	10.95514935	10.9820711	10.93501552
sub_16	6.47826613	6.272425416	6.16815487	6.005650749	5.968096869	5.779022004	5.914804499	5.914804499	5.840765028
sub_17	12.30033659	12.17236832	12.51033565	12.60682574	12.60682574	12.65197784	12.6991408	12.74609328	12.68572639
sub_18	11.78687945	11.58820313	11.64519477	11.64963909	11.60343149	11.55928008	11.52831448	11.44606097	11.41749598
sub_19	12.21419004	11.82348996	11.95733278	11.97439323	12.10592242	12.1774807	12.23484287	12.27389514	12.23962201
sub_20	9.767108465	9.566619336	9.459562448	9.338227063	9.417005026	9.376986356	9.227596806	9.322301234	9.231267488
sub_21	10.58459536	10.84154756	10.84650669	10.94102806	10.95765004	10.89032084	10.8719162	10.83092656	10.79773493
sub_22	8.863325871	9.167035148	9.059396627	9.354169443	9.685366628	9.427958716	9.961351173	9.691814939	9.891924588
sub_23	11.7610513	10.6166375	10.5623241	10.41255531	10.46042667	10.47892676	10.6166375	10.70587693	10.7125522
sub_24	8.2895738565	8.285239177	8.342355987	8.3214974905	8.3294058255	8.41416233	8.48614875	8.456334348	8.534469151
sub_25	9.69093413666667	9.66264819433333	9.46216061433333	9.411916918	9.30154201366667	9.22518986933333	9.19383617133333	9.21127474233333	9.22756376766667
sub_26	10.8323146525	10.916726492	11.0966011735	11.2264464855	11.2809547515	11.3264104605	11.3947681605	11.319372573	11.3180636835
sub_27	9.7178225865	9.299107033	9.222655908	9.2506528895	8.99238121	8.855009057	8.8431441965	8.816432854	8.8640556665
sub_28	8.793440867	8.58177730066667	8.71290547333333	8.74382571366667	8.77215006166667	8.796474194	8.81055426766667	8.828723687	8.86306685766667
sub_29	9.990362313	9.85245079	10.10033844	10.06327127	10.1370565	10.18795522	10.18376527	10.29543429	10.267175
sub_30	10.35855031	10.18066515	10.17039066	9.882069988	9.854327308	9.83186967	9.835556052	9.887818434	9.91058933
sub_31	5.044821356	5.046915763	5.168527883	5.207346965	5.301241695	5.387426982	5.444356727	5.202508893	5.488812555
sub_32	8.635402877	8.486779887	8.423780595	8.06210342	8.115334177	8.101550207	8.062242693	7.755801058	7.873158919
sub_33	8.837863938	8.611442425	8.700073737	8.853897399	8.907989928	9.020962027	9.074902155	9.060729745	9.07578155
sub_34	9.434147938	9.088823831	9.550356376	9.550967768	9.752445188	9.925606955	10.04765317	9.901839937	9.927843139
sub_35	10.0206095	10.10629737	10.06661488	10.08924458	10.22552212	10.27589398	10.29731499	10.27969546	10.37765347
sub_36	11.32240284	11.14582477	11.24404206	11.38219606	11.0849688	11.06513538	10.99762564	10.9317096	10.86126711
sub_37	10.52936821	10.28471124	10.06339834	9.819352304	9.987390022	10.07490111	10.07862134	10.16892263	10.22850294
sub_38	11.28938965	11.45909823	11.3829112	11.17467337	11.17053977	11.10074801	11.13619955	11.11080728	11.05585314
sub_39	10.94979513	10.99350967	10.83226307	10.68121434	10.63031515	10.51663482	10.57377063	10.44307259	10.42865848
sub_40	9.903390056	9.785562446	9.771619416	9.651154497	9.522728337	9.637305875	9.653398057	9.674058675	9.706394465
sub_41	9.735725291	9.654158347	9.7377494	9.623554806	9.575081205	9.495227374	9.500210591	9.4368996	9.48323749
sub_42	10.7323586	10.75137388	10.81446441	10.92387606	10.95424075	11.05841763	11.06692489	11.06899635	10.9499988
sub_43	10.246491324	10.256220029	10.325194479	10.3839436515	10.473972246	10.517179821	10.4906203815	10.454321554	10.425218785
sub_44	11.70036546	11.07679829	11.03694964	11.04519118	10.98934779	10.9763403	10.85773687	10.8917356	10.95936872
sub_45	8.266286731	7.585682315	7.532145903	7.409554741	7.363472051	7.203351153	7.331298222	7.336059221	7.325073059
sub_46	9.496226274	9.485380355	9.617306268	9.619715765	9.602179421	9.651684301	9.67442252	9.671002867	9.711200316
sub_47	9.932929395	9.77261759266667	9.79066769666667	9.77191250933333	9.73308383266667	9.76026600566667	9.75806702433333	9.73145809066667	9.70344497933333
sub_48	10.62957657	10.16257578	10.16463681	10.25104999	10.32411667	10.37216054	10.50229851	10.50951932	10.53131122
sub_49	9.808280215	10.02998142	9.938581798	9.867643079	9.920078826	9.851244182	9.816406976	9.754252237	9.746818721
sub_50	10.8387283	10.87593523	10.86458801	10.98526272	11.00454156	11.01431721	10.99815838	11.09875814	11.05309538
sub_51	5.240195078	4.9777347435	4.9507368385	4.942666521	4.952850132	4.8645850575	4.8979280645	4.836651594	4.743157927
sub_52	12.47211748	12.37985273	12.21351184	12.23959841	12.21730464	12.07554838	11.95596416	11.84389425	11.86256266
sub_53	10.08184856	10.03881419	9.828459347	9.729653524	9.673542734	9.719263997	9.700280145	9.646206206	9.622804019
sub_54	10.1821295595	10.23623717	10.45076624	10.56860936	10.48393678	10.48080483	10.433056325	10.41559915	10.29853721
sub_55	12.8558888	13.04919473	13.19870091	13.29502341	13.30575099	13.29315341	13.25260316	13.23862329	13.19135341
sub_56	11.43959848	11.40122329	11.49986473	11.71060226	11.7150045	11.78845895	11.87846818	11.86496738	11.98941841
sub_57	13.82049798	13.78465175	13.76395204	13.76950699	13.75791152	13.7148532	13.67385198	13.64618981	13.58189211
sub_58	11.7771719	12.11058609	12.24261751	12.28865757	12.13961881	12.09855018	12.03508539	11.92862957	11.87984449
sub_59	10.16667332	10.32946739	10.40145008	10.61022242	10.65797729	10.66545705	10.73613633	10.79701802	10.71654935
sub_60	11.540065576	11.4259011695	11.4361031775	11.345343805	11.358427235	11.312128232	11.2828070255	11.2772130545	11.2658997355
sub_61	9.063191092	9.27035353	9.400209063	9.402272202	9.536247374	9.386195584	9.385651696	9.35318938	9.343845426
sub_62	8.309367555	9.0490846785	9.2055438715	9.2982508715	9.387757355	9.277904309	9.2292623335	9.207158391	9.109925823
sub_63	10.7634279146667	10.6583840696667	10.6773512896667	10.515914098	10.4976038546667	10.5349682143333	10.4753358376667	10.4172650293333	10.377770053
sub_64	8.055550992	7.900338589	7.674846596	7.459113783	7.289767589	6.992567137	6.938954164	6.701548362	6.497424161
sub_65	9.864710772	9.595425283	10.10082058	10.10520628	10.20249357	10.24787832	10.35330497	10.39999722	10.3069418
sub_66	8.212064325	8.508267935	8.722304206	8.677425068	8.827315751	8.995600824	9.041592295	9.047416578	9.176473941
sub_67	8.34449915	7.472861509	8.419817763	9.073895675	9.592241174	9.736437848	9.778291385	9.787571336	9.612421022
sub_68	12.20147604	10.30251746	10.48891949	11.05225116	11.2930872	11.41458507	11.45637795	11.47185359	11.47143989
sub_69	7.863727275	7.037339338	6.919208592	6.524172665	6.456540003	6.478179791	6.535209078	6.56899467	6.656495473
sub_70	11.86150657	11.5993706	11.41724474	11.33058539	11.28132949	11.26229398	11.13164139	11.27838629	11.17086214
sub_71	13.7494189	13.80196847	13.39496969	13.49753578	13.35705607	13.27020699	13.20779685	13.1627105	13.11002675
sub_72	10.85315129	10.61114508	10.49537662	10.30482688	10.35700741	10.48512715	10.48865035	10.50142611	10.51347105
sub_73	10.63628394	10.13894152	10.25570708	10.0601215	10.00185151	9.901754796	9.91361445	9.849021359	9.879804027
sub_74	11.56030799	11.38379464	11.38818177	11.4111877	11.28380692	11.25210824	11.24501241	11.21099894	11.06949295
sub_75	7.514863066	8.862619285	9.337640574	9.452256838	9.612061323	9.8006824205	9.857083979	9.728629631	9.767395153
sub_76	4.224911798	4.284570845	4.293029371	4.32337836	4.380421027	4.386117842	4.424215241	4.380421027	4.472519789
sub_77	10.94342434	10.61431861	10.56511186	10.47086368	10.4931125	10.41638588	10.3668836	10.32563415	10.32273016
sub_78	10.20761215	10.33566001	10.34537315	10.27870054	10.47257807	10.5083204	10.56437961	10.51248936	10.55077396
sub_79	5.76874196	5.59987620066667	5.56706740366667	5.47399446733333	5.40787157866667	5.25537955233333	5.40949678433333	5.33162486366667	5.24399588333333
sub_80	10.3396190745	10.27075483	10.33358103	10.4535657725	10.638701315	10.75039458	10.79747608	10.688763033	10.79913789
sub_81	11.13344326	10.84550014	11.18743274	11.15110043	11.42111463	11.48365666	11.63146375	11.59459535	11.68953323
sub_82	10.52922097	10.41423581	10.39363259	10.42106933	10.29253143	10.28010903	10.18723304	10.25989671	10.15153141
sub_83	12.51749091	12.8436583	12.68077886	12.76494356	12.6437687	12.63552097	12.54310665	12.53211707	12.47221535
sub_84	10.506182184	10.4032154883333	10.3916403463333	10.3840669281667	10.3693145248333	10.3463979415	10.3387649175	10.3445976655	10.2844332591667
sub_85	11.04546924	11.34038631	11.37923106	11.09346282	10.83492516	10.64016193	10.51992751	10.48858362	10.42698378
sub_86	10.76008911	10.78930051	10.66081339	10.71149238	10.71055759	10.6606074	10.60684917	10.6195163	10.57772212
sub_87	10.547285843	10.3267363676667	10.3906204433333	10.4085052033333	10.4406858333333	10.5017674933333	10.5082318256667	10.5265878266667	10.5454877633333
sub_88	10.27104595	10.55795672	10.70208991	11.04015373	11.21742989	11.29591443	11.24416233	11.23179942	11.21808249
sub_89	7.059240156	7.189742327	7.416875514	7.578506973	7.800806949	7.969737376	7.995418313	7.786044097	7.696883937
sub_90	11.96227629	11.86178017	12.00802435	12.063272	12.07799353	12.14369594	12.20415515	12.19856214	12.13482465
sub_91	10.0898438	10.25485363	10.53712184	10.83614939	10.93874164	10.90121218	10.89953365	10.88460937	10.80484701
sub_92	11.83181917	11.51505546	12.48027608	12.60296573	12.63826428	12.67131859	12.73774891	12.72485106	12.7532481
sub_93	9.144032388	10.57375514	10.57487454	11.24160253	11.45259601	11.38197615	11.63869807	11.49652378	11.48525242
sub_94	9.444402391	9.6742669905	9.7838450515	9.478492184	9.151046595	8.959477653	8.879926765	8.698297617	8.7260292995
sub_95	8.642859527	10.0463475	10.03623596	9.926861989	9.796070915	9.868251591	9.787368025	9.705587173	9.570302286
sub_96	10.01690299	10.08489418	10.82073865	11.0263095	11.22314186	11.34896272	11.39421839	11.24272463	11.2537045
sub_97	8.334685885	8.38258727	7.993418203	8.111496168	8.060478142	7.857269682	7.851869518	7.653848955	7.75841841
sub_98	10.35788399	11.1262619	10.74372866	10.7248536	10.57299578	10.4734043	10.44474912	10.42936733	10.4117915
sub_99	6.757290412	6.313535226	6.229522826	6.119573311	5.853716586	5.491361701	5.847236773	5.477122621	5.536131547
sub_100	11.35726481	11.21783478	11.42845213	11.51687302	11.58483804	11.61270935	11.61806994	11.70231735	11.51917665
sub_101	11.92492564	12.39487635	12.09969724	12.08875105	12.04851258	11.94589862	11.98892356	11.8063568	11.75504946
sub_102	12.41036304	12.96896547	12.60414806	12.62147127	12.58655265	12.47981556	12.37063977	12.36470776	12.26790188
sub_103	10.35365954	10.08844037	10.1711871	10.12306858	10.09337644	10.05571754	10.05410285	9.980961886	9.920574892
sub_104	11.96999176	10.42198606	10.37616225	10.22032099	10.16572959	10.08617628	10.06177224	10.24583969	10.26951361
sub_105	12.00368084	11.53812425	11.54644232	11.52266913	11.43531692	11.35902073	11.25369201	11.15292331	11.14075514
sub_106	10.75777646	10.64223241	10.48163392	10.33812073	10.32138618	10.19587109	10.28927921	10.29923011	10.27762077
sub_107	9.503478788	9.658157141	9.424906608	9.076172282	8.732853265	8.744705549	8.662976642	8.693141759	8.686295147
sub_108	11.65841648	11.96676321	11.9431934	11.96261307	11.91263977	11.88364364	11.84239385	11.7551218	11.63711518
sub_109	9.745366796	9.54073537	9.4869978695	9.363197743	9.525922331	9.6395148135	9.669195375	9.713259672	9.7274061045
sub_110	10.8004008	10.72884872	10.93523427	11.1626331	11.2798152	11.33704027	11.45863925	11.48252832	11.37818487
sub_111	11.14516598	11.00003322	11.21737688	10.9171964	10.91349488	10.81972567	10.58888883	10.59866587	10.48942821
sub_112	12.950693515	12.84087252	12.80841744	12.799853035	12.797718975	12.73767224	12.75443024	12.705130925	12.70684038
sub_113	11.2133185	11.22003566	11.24493455	11.28632987	11.35280363	11.4115854	11.43399846	11.38547322	11.41605497
sub_114	13.65958931	13.61873604	13.55919348	13.5224581	13.5224581	13.50474969	13.49389355	13.47034764	13.46789352
sub_115	13.490971425	13.436057265	13.369546345	13.33318541	13.356092945	13.291718565	13.232544025	13.27371985	13.225554115
sub_116	12.78645752	12.65434	12.89477932	12.92784232	12.97334219	13.00512106	13.03290587	13.05930929	12.99523315
sub_117	12.50745793	11.28277546	11.05804473	11.39468415	10.97324315	10.81455342	10.81894269	10.61288818	10.65673755
sub_118	9.996422271	9.946180228	9.889998553	9.599016038	9.493544083	9.387930425	9.097970654	9.166908895	9.466237927
sub_119	13.26677119	11.61133827	10.08033886	9.588818466	9.383836693	9.221023912	9.212485948	9.259621797	9.767204846
sub_120	9.957055647	9.966389675	9.945797171	9.872895114	9.712814185	9.647573425	9.684864806	9.661070586	9.535986835
sub_121	11.95826042	11.87411493	11.85182803	11.78021151	11.83349844	11.78455338	11.75942425	11.75102077	11.6941486
sub_122	11.21515318	11.03718775	11.05466241	11.10951904	11.11672248	11.24459353	11.30043477	11.28304829	11.30341125
sub_123	7.777956225	7.758181112	8.041192211	8.106300401	8.102264385	8.122709058	8.189919868	8.353430903	8.232323907
sub_124	9.584727702	8.939635896	9.214503714	9.043581697	8.861146757	8.612601168	8.573750915	8.530989585	8.535015319
sub_125	9.150199169	9.16641256233333	9.14979378833333	9.04754591366667	9.054919054	9.00932259733333	8.91536657666667	8.88220021566667	8.99705208566667
sub_126	8.690666251	8.808919712	8.88701161	9.044750384	9.044750384	9.244964912	9.241822212	9.426659513	9.249027471
sub_127	10.7885733933333	10.8054333906667	10.7623162493333	10.7405819196667	10.7031650266667	10.7139268566667	10.6853038666667	10.6424067726667	10.637830576
sub_128	11.64619235	11.42154905	11.36179837	11.72048645	11.6965413	11.79667235	11.83249068	11.84278429	11.87506432
sub_129	8.803386701	8.904274549	8.833284778	9.158664294	9.215112332	9.304580224	9.38910175	9.252416274	9.356212695
sub_130	11.31608753	11.06486785	10.73560288	10.5391988	10.6871009	10.71989647	10.85687278	10.91597675	10.95214409
sub_131	11.54848338	11.12097961	11.3610509	11.3802073	11.4239816	11.42948139	11.46915534	11.56179812	11.47047361
sub_132	12.525453	12.59017388	12.75805369	12.78887123	12.78063983	12.78439396	12.79674859	12.92028793	12.81590968
sub_133	12.30371881	11.78168636	11.75317837	11.67601453	11.58022821	11.47751508	11.44051689	11.64128983	11.64260712
sub_134	10.304404235	10.313316275	10.23059606	10.24143186	10.15655385	10.122532155	10.1078900705	10.12277628	10.098065495
sub_135	12.87823696	12.99671954	13.09086657	13.10840902	13.1051818	13.15853191	13.15244945	13.2007781	13.18098708
sub_136	11.71174696	11.8080828	11.88389753	11.87744495	11.97526973	12.02221753	12.14870072	12.09366791	12.17030483
sub_137	11.12833702	10.93217743	10.98916457	11.14193921	11.1705225	11.30103082	11.39040041	11.35857333	11.39517153
sub_138	12.69494405	12.03556203	12.41351963	12.65788855	12.71958683	12.7811815	12.85605559	12.86587255	12.90985459
sub_139	10.41974496	10.56280205	10.65197514	10.66717795	10.8101408	10.67035102	10.6393208	10.63747507	10.51576139
sub_140	12.59986791	12.99514891	12.81177321	12.85051998	12.77851485	12.7412611	12.70067267	12.6522807	12.5921653
sub_141	10.55070528	10.73221591	10.62714612	10.73929681	10.75314	10.89423979	10.9817351	10.86465185	10.92563862
sub_142	10.73424822	10.85691599	10.94382973	10.93876851	10.99119816	11.03265987	11.01081578	11.05762879	11.08021991
sub_143	13.56608063	13.57766631	13.57511232	13.55468977	13.46949829	13.37996507	13.28850304	13.30966478	13.24264409
sub_144	13.88862078	13.76398661	13.91702463	13.54516714	13.21003466	12.73264263	12.37026819	12.14037397	12.10478372
sub_145	12.02917125	11.82091241	11.66036558	11.54075627	11.39030844	11.35722058	11.31502223	11.37189831	11.34883272
sub_146	8.378597619	8.770863333	8.8936906385	9.0049146065	9.073009342	8.9027340225	8.901952988	8.83686864	8.8300762965
sub_147	10.17866263	10.85265491	10.28800725	9.755199426	9.770604525	9.749715565	9.696682049	9.681741767	9.6859392
sub_148	7.828696564	7.499789368	7.165690225	7.12605326	6.92609653	7.119891648	7.098467785	7.016019194	6.704149385
sub_149	5.897328585	6.031945303	6.643806825	6.705945677	6.896577879	6.851988453	7.084667346	7.097466718	7.048855472
sub_150	9.796161067	10.12987072	10.49376358	10.75408999	10.68133984	10.67076456	10.6094484	10.50788665	10.47970482
sub_151	10.97251178	10.95988087	10.950893635	10.847884915	10.798284105	10.80891709	10.830938665	10.76201704	10.79028977
sub_152	11.65270426	11.40893637	11.52415324	11.33076016	11.27571543	11.25997741	11.19861702	11.20919432	11.23143692
sub_153	11.68857328	11.55604275	11.63050589	11.26945847	11.16983316	11.01831662	11.02772351	10.95540653	11.01569951
sub_154	10.53958508	10.40161284	10.29336609	10.20267812	10.1519269	10.08358161	9.920640648	9.976055587	9.993003561
sub_155	9.935422625	9.94745841	10.01753949	10.03835895	9.903146258	9.87978295	9.846226872	9.790210514	9.705451373
sub_156	11.29142313	11.2275546	11.08120415	11.0681941	11.02138815	11.01299049	11.0681941	10.92841438	10.96166228
sub_157	9.316249333	9.187735232	9.300712142	9.15953273	9.086189135	9.007532433	9.008631562	8.991261571	8.944019565
sub_158	10.15151091	10.29943787	10.243774675	10.233002545	10.346923	10.37503795	10.40764282	10.449147525	10.415784675
sub_159	11.40402825	10.77762208	10.8520635	10.98236048	10.99977912	11.04828716	11.03974959	11.0824805	11.14826245
sub_160	11.32431643	10.57124798	10.51245861	10.73515467	10.73617985	10.8734273	10.89254609	10.95089385	10.95962253
sub_161	10.04122923	10.05330383	10.06802711	10.06571369	10.12513913	10.26021019	10.1379982	10.20513801	10.20959919
sub_162	11.9279313	11.82330173	11.949464885	11.949752075	12.043564615	12.04972713	12.07730671	12.09455873	12.014300405
sub_163	7.11615376566667	7.12961721	7.13959739233333	7.141028888	7.12337499833333	7.187605648	7.204478852	7.232255978	7.26843856433333
sub_164	9.115148671	8.9904749695	9.5546216615	9.575181865	9.692395438	9.879601775	9.9952773275	10.0383561655	9.9404743255
sub_165	10.18012058	10.39279134	10.29114576	10.13836761	10.12102291	10.05327076	10.05553456	9.901167884	10.04498427
sub_166	7.93282079	7.889586855	7.720761714	7.818011347	7.856210602	8.088791381	8.125731165	8.17129676	8.209909706
sub_167	12.30637413	12.09206531	11.98296085	11.97784482	11.94469081	11.92090881	11.88489198	11.90673966	11.84634878
sub_168	10.08900578	10.63945865	10.85944204	10.71585246	10.70420853	10.67238275	10.63933924	10.54943606	10.50731825
sub_169	10.0603036455	10.058306833	10.126860958	10.0597174255	10.0373674225	10.008377386	10.008786466	9.9845178305	9.9223573435
sub_170	12.50662324	12.73047559	12.63284177	12.7140291	12.79632734	13.00599326	13.01525385	13.07268652	13.16039345
sub_171	11.66186224	11.70189236	11.87068036	11.87976079	11.91495585	11.89840611	11.92049832	11.98473859	11.87413727
sub_172	11.41514941	11.28942575	11.16229919	11.46448114	11.15060577	11.1318561	11.05140923	11.11907899	11.01682172
sub_173	8.9292203715	8.7567611725	8.667611047	8.598224027	8.5431308575	8.4623354215	8.408309495	8.4839842115	8.397681986
sub_174	8.145074079	8.521834029	8.681271493	8.830353628	8.877258097	8.830353628	9.029376359	8.896407305	8.937460935
sub_175	9.3634121825	9.3562548645	9.3009123855	9.244528882	9.199999626	9.084060373	9.139490242	9.0875284455	9.16007422
sub_176	10.6865467	10.48362418	10.38601187	10.32239141	10.21096535	10.11817737	10.01864677	9.914715078	10.07493805
sub_177	9.40377492	9.373844842	9.410487352	9.120834814	9.113263151	9.039928609	9.078392641	9.062547978	9.038779092
sub_178	11.11813943	11.2686636575	11.207017025	11.1922966125	11.1557647075	11.1227897575	11.0769582375	11.07586249	11.06048842
sub_179	11.10530437	11.02274336	11.17665957	11.36736288	11.47405756	11.52933151	11.63216808	11.55113335	11.5666676
sub_180	9.650356163	9.7343420025	9.4671412295	9.4585391495	9.41993543575	9.38493607	9.42503929375	9.3140581845	9.334883116
sub_181	11.27448709	11.082157175	11.20053021	11.206634135	11.262961905	11.26577791	11.278054725	11.321156845	11.288352165
sub_182	12.55164707	12.54079419	12.51395163	12.55003187	12.57402155	12.65024867	12.68751596	12.69429686	12.73082835
sub_183	9.920562129	10.38624257	10.39574443	10.48718949	10.55866059	10.67977465	10.68785261	10.73456975	10.69592345
sub_184	10.41461063	10.82588201	10.99115111	11.25911414	11.1887851	11.12885986	11.10986884	11.04669662	11.0080177
sub_185	11.572195845	11.741127205	11.781271025	11.81839934	11.85036171	11.83036311	11.92005898	11.846033575	11.858063805
sub_186	9.9572469605	9.684503215	9.2149230075	8.807957849	8.7118004615	8.4827965515	8.348346854	8.0530636225	8.141640837
sub_187	6.83722679	7.388660434	7.537583939	7.789254651	8.089425298	8.397162467	8.55695865	8.732641429	8.481204574
sub_188	12.42454008	12.1855237	12.43010908	12.47805896	12.49648348	12.52488733	12.58768977	12.60238859	12.4815488
sub_189	9.204543767	8.912014227	9.157467217	8.900146594	8.766230994	8.755137436	8.669347148	8.64842806	8.80598515
sub_190	9.2265400385	9.423514591	9.519521308	9.4800011455	9.484327987	9.547602149	9.5943780675	9.6202047155	9.5573633575
sub_191	11.0742695	11.01812121	10.98743301	10.90686335	10.85828617	10.87837004	10.83387068	10.8231868	10.83882745
sub_192	12.28048113	12.45342022	12.00572528	11.95775396	11.8112284	11.82963142	11.84064769	11.76988375	11.65047289
sub_193	12.94174105	13.18771352	13.12160863	13.07848763	12.90788698	12.84249419	12.87946829	12.81216239	12.79224542
sub_194	9.396776977	9.61261889	9.57189453	9.673244998	9.630855929	9.675991056	9.749361654	9.853865251	9.819677695
sub_195	9.832393145	9.915268168	9.859327026	9.723845308	9.661839193	9.610416487	9.541868292	9.502705059	9.591336302
sub_196	8.620354037	8.728344786	8.747511834	8.790370078	8.847599488	8.810812107	8.82750147	9.038516696	8.946441667
sub_197	8.64930786	8.978606752	9.049596551	9.189349558	9.225377667	9.24024798	9.251480317	9.1869199	9.382846205
sub_198	11.138664	10.73587019	10.72070168	10.69507623	10.5931697	10.77612407	10.78383255	10.78637271	10.88381081
sub_199	6.902685654	6.739628048	6.732195068	6.748011546	6.707646438	6.671103319	6.674696243	6.593883332	6.557244551
sub_200	8.967987907	9.037065335	8.971279649	8.77630733	8.754006472	8.707471726	8.648595499	8.61375821	8.629687953
sub_201	8.621612281	8.835790949	8.729308653	8.846362742	8.871863697	8.9133435	9.017480776	8.896001163	8.975266386
sub_202	7.152364667	7.287634946	7.455020521	7.334154714	7.490978482	7.727730763	7.662493383	7.752058069	7.668225941
sub_203	10.33004922	10.28814678	10.3246692975	10.2303109535	10.2308128185	10.144570697	10.1611374715	10.0987274345	10.078769234
sub_204	10.53278893	10.56811809	10.44263635	10.61113302	10.62769632	10.74034655	10.76940236	10.74194482	10.83061852
sub_205	7.045220777	7.502106907	7.98823436	8.231580474	8.262785215	8.231580474	8.573249614	8.386274125	8.468975784
sub_206	13.99047997	13.79140922	13.97412975	13.97513816	14.0311294	14.07309308	14.10375284	14.17767192	14.13795579
sub_207	10.723170699	10.5223055116667	10.7099742923333	10.5799551193333	10.382260743	10.287290159	10.1811982646667	10.134326642	10.1325070633333
sub_208	10.21067697	10.24306468	10.24163	10.26953794	10.24801016	10.27202456	10.36153396	10.42375368	10.31511183
sub_209	8.789989617	8.4671729	8.345682473	7.968457922	7.959554713	8.049953569	8.216309528	8.228498926	8.311720913
sub_210	10.47118161	10.48032269	10.61656657	10.60766908	10.71311665	10.73863321	10.77998459	10.85238337	10.6702799
sub_211	11.367298295	11.209013825	11.329531	11.15550381	11.14611601	11.1502753	11.02938633	11.10812443	10.980123735
sub_212	9.3863620995	10.322976426	10.487160343	10.5366968455	10.558049603	10.721005488	10.7082157945	10.667507071	10.7791755955
sub_213	8.67630342	9.416626784	9.694294737	10.06820706	9.874539396	9.837116113	9.722574361	9.704624531	9.62973661
sub_214	10.26459554	9.648226092	9.382826893	9.035004822	9.338850586	9.531005418	9.579644836	9.599512151	9.702126694
sub_215	10.1328465063333	10.175271174	10.5910944766667	10.69034329	10.7101477433333	10.69088356	10.64847046	10.62436126	10.4803351033333
sub_216	11.05126974	11.24846672	11.04361282	11.03507846	11.01921801	10.98429273	10.98846561	10.96624193	10.96489856
sub_217	12.59056662	12.97397979	13.18476933	12.91521169	12.54819866	12.23312252	11.9276009	11.71608453	11.69272916
sub_218	11.25011242	11.81237326	12.16774444	11.76229368	11.59236773	11.52832786	11.38257441	11.36660518	11.34110904
sub_219	13.16933648	13.56948722	13.57656467	13.57717202	13.5857486	13.57012375	13.53458536	13.53000219	13.48706209
sub_220	10.41457385	10.19491737	10.1536921	10.04048411	10.05763974	10.02494036	9.991776753	9.920681837	9.925514812
sub_221	10.4340156845	10.5992258415	10.556021761	10.6481396115	10.6238466015	10.696489494	10.6929583215	10.706519311	10.7313027625
sub_222	9.790949789	9.579996663	9.6431923065	9.0600833965	8.872253857	8.8198382235	8.796456369	8.79612192	9.031518425
sub_223	12.08815767	11.98464046	11.99735326	11.96772383	11.94019808	11.92702373	11.95656467	11.91572063	11.91935666
sub_224	11.73709353	10.66216906	9.92418133	9.674569063	9.772954784	9.871269506	10.00725598	10.01217533	10.15003127
sub_225	10.37268325	10.03028756	10.06201541	10.15829467	10.29413232	10.33348754	10.32991929	10.36281731	10.50185684
sub_226	9.895529104	10.08248294	10.30210277	10.4249996	10.46462217	10.35900065	10.35027286	10.30210277	10.28863168
sub_227	9.484619405	9.391734847	9.340882086	9.039741376	8.940732567	8.954000465	8.926227897	8.922713772	8.845603969
sub_228	9.3778431605	9.0169904525	8.80517171	8.667840987	8.694076516	8.6134820575	8.673529278	8.5648375405	8.55565773
sub_229	10.3468366316667	10.1935894176667	10.1095513913333	10.0435549433333	9.994575529	9.93472958466667	9.94388405133333	9.98079769466667	9.98741577333333
sub_230	10.93487608	10.58315561	10.4205654	10.40618009	10.41106058	10.39858377	10.40966444	10.37770517	10.26716581
sub_231	9.061577435	9.040373119	8.959505165	8.973898279	8.968402361	8.91353783	8.864033735	8.784396451	8.882042875
sub_232	5.219651774	5.334363018	5.885401961	5.702116169	5.536131547	5.534889368	5.316479706	5.166219541	4.998287238
sub_233	10.25366142	10.2187584	10.30709848	10.34665822	10.38880991	10.4659318	10.58153305	10.48336549	10.48428857
sub_234	7.343661012	7.5100070335	7.5445672415	7.931902905	8.064860843	8.218196649	8.216097709	8.3046637535	8.4113985635
sub_235	12.88942402	12.66039643	12.75228013	12.67575127	12.41654448	12.31258583	12.21752999	12.1989698	12.18337532
sub_236	11.4974712	11.27570007	11.2478644	11.18862901	11.12341162	11.05958283	11.04119162	11.04208249	11.05507903
sub_237	8.96835993	8.91320291	9.043114271	8.957698445	8.874528416	8.874528416	8.845240883	8.844228897	8.725007862
sub_238	10.21820568	9.860347447	9.683613343	9.57413763	9.501358022	9.536879917	9.476243458	9.488016789	9.460180445
sub_239	8.625945046	8.703224799	8.793395084	8.906361293	8.92268832	8.997371538	9.050977013	9.060382712	8.982950433
sub_240	10.71395159	10.7589795	10.80561873	10.88371252	10.99834196	11.01122675	11.05985503	11.00210555	10.9985874
sub_241	9.30289360633333	9.173409508	9.11144238166667	9.09158825133333	9.02015715133333	8.99354034933333	8.979796304	9.02332765	8.97910515866667
sub_242	9.349508203	9.465393621	9.844726818	10.10110183	10.10899114	10.04586182	10.03470868	9.919041137	9.767444358
sub_243	9.51373693033333	9.46842557533333	9.41981181133333	9.35609956933333	9.35266614066667	9.29593539966667	9.31825081666667	9.30080755666667	9.32959352166667
sub_244	10.21679252	9.744220106	9.933973992	9.721900364	9.783029799	9.691756738	9.599481083	9.555806458	9.570559127
sub_245	12.74365996	12.54563502	12.41283954	11.54231395	11.35803743	11.32836198	11.26897543	11.18026651	11.3202058
sub_246	9.93433991	9.923628871	9.892480367	9.357838761	9.357838761	9.290568441	9.208826787	9.12206537	9.212008062
sub_247	9.231267692	9.416252369	9.332062117	9.183934354	9.072392168	8.845796797	8.822309557	8.547287286	8.686178967
sub_248	8.561247984	7.992890274	7.783251011	7.321599608	7.181297719	7.305633197	7.340696736	7.370371467	7.54861667
sub_249	9.9408725685	10.1939608195	10.239714415	10.3252988395	10.438942803	10.419804643	10.4152807985	10.375362574	10.337806958
sub_250	10.3514284416667	10.3252661626667	10.2913522983333	10.2902077033333	10.2637254096667	10.2321294433333	10.2480441953333	10.2346559076667	10.2644779393333
sub_251	5.564530973	5.574257204	5.856581321	6.088722074	6.019393965	6.024770202	6.164097439	6.300618345	6.234114447
sub_252	11.8100758	11.76375045	12.00424262	12.12321464	12.24464923	12.41532141	12.47763689	12.48883481	12.46111881
sub_253	13.24211742	13.23608691	13.17611313	13.1940486	13.16896957	13.16896957	13.13263266	13.14398725	13.12381917
sub_254	9.650487219	9.046705098	9.115020447	9.003549021	8.99629258	8.937859498	8.956827246	8.858731727	8.89490512
sub_255	10.57321525	10.60262355	10.50913428	10.42884417	10.31079637	10.19890364	10.24254882	10.25042001	10.19505893
sub_256	9.6701640725	9.8382472635	9.874535803	9.929639262	10.039889741	10.0572290545	10.0960282415	10.0570623725	10.0670106685
sub_257	9.627427338	9.888699452	9.812422339	9.93286071	10.093496	10.07667851	10.12666514	10.14396623	10.15687994
sub_258	12.83426526	12.51521178	12.87878271	12.86816298	12.90383691	12.97372475	13.06934111	13.08222137	13.11682557
sub_259	10.39535078	10.83537108	11.03238724	11.73749024	11.8854557	11.89601232	11.93301577	11.73843036	11.68760824
sub_260	10.4217345	10.14942249	10.17879323	10.28055498	10.40224534	10.71807365	10.78628127	10.89028003	10.82232063
sub_261	8.67691446	9.667451146	9.747541327	9.77619704	9.552492698	9.462452783	9.377252381	9.260704956	9.15058764
sub_262	10.4528501	10.19491737	10.18328225	10.16677348	10.32971907	10.34959558	10.35928286	10.36824202	10.44468053
sub_263	10.19901432	10.21052964	10.32919507	10.29785496	10.34593264	10.34201721	10.37756128	10.39807029	10.41482178
sub_264	11.66623257	11.37378486	11.42377713	11.36239951	11.34023175	11.29681564	11.34023175	11.26403473	11.18645666
sub_265	10.576967284	10.510116102	10.6696030725	10.695200303	10.7026805775	10.736793682	10.862890055	10.773479339	10.731897948
sub_266	8.720188779	8.783618646	8.698630569	8.643887985	8.622935889	8.6039885	8.497707104	8.553025786	8.584664813
sub_267	10.42688806	10.57387165	10.71787727	10.84054919	10.8719785	10.8654682	10.89436653	10.86815151	10.8995904
sub_268	8.200170585	7.766916944	7.865932396	7.6317112325	7.564522792	7.4455457865	7.34749555	7.4377913255	7.3587769085
sub_269	11.50482803	11.78760771	11.87095815	11.96958288	11.94305092	12.00356134	12.05180031	12.05478042	11.94305092
sub_270	6.555559992	6.242200855	5.920447152	6.132702431	5.660871634	5.583440615	5.543195941	5.540169444	5.409210062
sub_271	12.46716148	12.59792286	12.67320963	12.74386463	12.75543642	12.76598545	12.6815045	12.67042875	12.64272985
sub_272	11.72777628	11.86235949	11.80270766	11.9286073	11.98355638	12.0321239	12.07987965	12.12107203	12.01974704
sub_273	8.394713628	8.415524547	8.460467056	8.475366958	8.55247651966667	8.73310101833333	8.68471272433333	8.75044135533333	8.73974788133333
sub_274	11.09968429	10.67402177	11.0170653	11.02930637	11.17777758	11.17967271	11.20300548	11.27594374	11.27508302
sub_275	11.2886209	11.65407568	11.48703077	11.52609827	11.37093315	11.34395191	11.31165195	11.28492834	11.23419696
sub_276	8.517524705	8.48982757	8.4641303975	8.4705828745	8.48927588	8.405043207	8.337068447	8.3114380435	8.3023663765
sub_277	10.94573576	11.02116385	11.11317592	11.14873587	11.17118887	11.20752832	11.19573398	11.18360084	11.16720043
sub_278	8.498593777	8.650879083	8.682958493	8.76579168	8.693513994	8.741805975	8.755465907	8.809878673	8.78312678
sub_279	12.70450826	12.6699318	12.65657886	12.65321282	12.63310215	12.56892393	12.58821054	12.57324859	12.51249893
sub_280	8.99366104225	9.17961591975	9.280676921	9.32259518675	9.35734141275	9.36046877425	9.414116381	9.42327265475	9.3337863195
sub_281	11.33232678	11.647071635	11.344183755	11.2954433	11.24289302	11.265521725	11.232917765	11.224302715	11.180011435
sub_282	10.46464631	10.00480336	9.953135546	9.770420463	9.86696525	9.905081688	9.762602471	9.570679258	9.71752987
sub_283	10.26932292	10.38797824	10.50928513	10.31666939	10.38797824	10.38797824	10.4266052	10.35510715	10.41222546
sub_284	8.10446869	8.315895422	8.557698069	8.250663501	8.242252681	8.247491697	8.469149599	8.329640659	8.363634106
sub_285	10.34843941	10.34520082	10.3661004	10.19833035	10.34071955	10.37670199	10.34071955	10.24351103	10.34062561
sub_286	9.737908563	9.259794183	9.75262496	9.603446262	9.539522026	9.515518859	9.598218226	9.588966112	9.542854238
sub_287	10.01760858	10.20852886	10.13944611	10.01578755	10.10840446	10.10840446	10.10167726	10.12865063	10.02625078
sub_288	6.487810268	7.018916923	6.834322937	6.825915686	6.7160587	6.797901894	6.816633679	6.884961297	6.816633679
sub_289	13.57703765	13.41188172	13.50299362	13.62835643	13.42916429	13.52724207	13.53880854	13.56595799	13.49666346
sub_290	8.98562977	8.668378408	8.90403308	8.868997916	8.902444308	8.857138419	8.871451339	8.822730698	9.019965129
sub_291	11.90991025	12.48780898	12.25212904	12.28151413	12.22185166	12.25212904	12.2553192	12.26867718	12.20362166
sub_292	12.11701985	11.84264528	12.00527998	12.04903089	12.0234216	11.98023915	11.97927329	12.04015785	12.05763669
sub_293	9.416938723	9.844240185	9.679216009	9.677994998	9.624501117	9.726188742	9.65774559	9.679216009	9.7377494
sub_294	8.405223559	8.536115614	8.358894097	8.682412182	8.386413529	8.411583024	8.481145838	8.515523312	8.444025663
sub_295	11.186814	11.49030974	11.37685937	11.28977877	11.34077714	11.33981595	11.3556939	11.32899982	11.32624615
sub_296	13.51938206	13.27623924	13.38297554	13.41152893	13.38297554	13.38625434	13.36320962	13.40364912	13.34418803
sub_297	13.81779215	13.59076245	13.70424198	13.75001921	13.70424198	13.6852242	13.70424198	13.72368078	13.66972894
sub_298	13.838280415	13.84763937	13.76242273	13.807850545	13.876480565	13.82512285	13.768093705	13.82917539	13.84286821
sub_299	11.66228714	10.83216502	11.07480882	11.1212416	11.16826649	11.18267006	11.11931092	11.16233353	11.12753572
sub_300	11.27045212	11.13785076	11.21256064	11.25837852	11.24354913	11.23551848	11.17078059	11.27137676	11.23551848
sub_301	8.660498459	8.778024064	8.805680401	8.776601196	8.648706641	8.732515546	8.792176089	8.732515546	8.704804319
